OTA,Iteration,Time,Result,Solver
TSM_v3,1,0.04258108139038086,safe,Theano_DC
TSM_v3,1,0.040741920471191406,safe,Theano_SC
TSM_v3,1,0.03410983085632324,safe,z3
TSM_v3,1,0.03235006332397461,safe,cvc5
TSM_v3,2,0.0413360595703125,safe,Theano_DC
TSM_v3,2,0.042488813400268555,safe,Theano_SC
TSM_v3,2,0.010854005813598633,safe,z3
TSM_v3,2,0.005049943923950195,safe,cvc5
TSM_v3,3,0.040654897689819336,safe,Theano_DC
TSM_v3,3,0.040453195571899414,safe,Theano_SC
TSM_v3,3,0.011305809020996094,safe,z3
TSM_v3,3,0.00492095947265625,safe,cvc5
TSM_v3,4,0.03991198539733887,safe,Theano_DC
TSM_v3,4,0.04089999198913574,safe,Theano_SC
TSM_v3,4,0.011034965515136719,safe,z3
TSM_v3,4,0.004987001419067383,safe,cvc5
TSM_v3,5,0.039981842041015625,safe,Theano_DC
TSM_v3,5,0.04080009460449219,safe,Theano_SC
TSM_v3,5,0.011683940887451172,safe,z3
TSM_v3,5,0.004872798919677734,safe,cvc5
TSM_v3,6,0.04012107849121094,safe,Theano_DC
TSM_v3,6,0.040556907653808594,safe,Theano_SC
TSM_v3,6,0.011607885360717773,safe,z3
TSM_v3,6,0.004887104034423828,safe,cvc5
TSM_v3,7,0.03997397422790527,safe,Theano_DC
TSM_v3,7,0.04089093208312988,safe,Theano_SC
TSM_v3,7,0.011536836624145508,safe,z3
TSM_v3,7,0.004832029342651367,safe,cvc5
TSM_v3,8,0.04007220268249512,safe,Theano_DC
TSM_v3,8,0.040750980377197266,safe,Theano_SC
TSM_v3,8,0.011305809020996094,safe,z3
TSM_v3,8,0.0048677921295166016,safe,cvc5
TSM_v3,9,0.03991103172302246,safe,Theano_DC
TSM_v3,9,0.04078507423400879,safe,Theano_SC
TSM_v3,9,0.01163792610168457,safe,z3
TSM_v3,9,0.005023002624511719,safe,cvc5
TSM_v3,10,0.04007720947265625,safe,Theano_DC
TSM_v3,10,0.040924072265625,safe,Theano_SC
TSM_v3,10,0.011514902114868164,safe,z3
TSM_v3,10,0.004781961441040039,safe,cvc5
TSM_v3,11,0.040136098861694336,safe,Theano_DC
TSM_v3,11,0.040039777755737305,safe,Theano_SC
TSM_v3,11,0.01149296760559082,safe,z3
TSM_v3,11,0.004889965057373047,safe,cvc5
TSM_v3,12,0.03979611396789551,safe,Theano_DC
TSM_v3,12,0.041008949279785156,safe,Theano_SC
TSM_v3,12,0.011042118072509766,safe,z3
TSM_v3,12,0.0048389434814453125,safe,cvc5
TSM_v3,13,0.03985714912414551,safe,Theano_DC
TSM_v3,13,0.040632009506225586,safe,Theano_SC
TSM_v3,13,0.010993003845214844,safe,z3
TSM_v3,13,0.004827976226806641,safe,cvc5
TSM_v3,14,0.03989815711975098,safe,Theano_DC
TSM_v3,14,0.04085087776184082,safe,Theano_SC
TSM_v3,14,0.011066913604736328,safe,z3
TSM_v3,14,0.005120992660522461,safe,cvc5
TSM_v3,15,0.039793968200683594,safe,Theano_DC
TSM_v3,15,0.04063677787780762,safe,Theano_SC
TSM_v3,15,0.011001110076904297,safe,z3
TSM_v3,15,0.005110025405883789,safe,cvc5
TSM_v3,16,0.04022502899169922,safe,Theano_DC
TSM_v3,16,0.040869951248168945,safe,Theano_SC
TSM_v3,16,0.010904073715209961,safe,z3
TSM_v3,16,0.004931926727294922,safe,cvc5
TSM_v3,17,0.04071402549743652,safe,Theano_DC
TSM_v3,17,0.04074597358703613,safe,Theano_SC
TSM_v3,17,0.01111602783203125,safe,z3
TSM_v3,17,0.005362033843994141,safe,cvc5
TSM_v3,18,0.04005002975463867,safe,Theano_DC
TSM_v3,18,0.04070305824279785,safe,Theano_SC
TSM_v3,18,0.010935783386230469,safe,z3
TSM_v3,18,0.004952907562255859,safe,cvc5
TSM_v3,19,0.04022216796875,safe,Theano_DC
TSM_v3,19,0.04069805145263672,safe,Theano_SC
TSM_v3,19,0.011073112487792969,safe,z3
TSM_v3,19,0.004890918731689453,safe,cvc5
TSM_v3,20,0.04098391532897949,safe,Theano_DC
TSM_v3,20,0.040289878845214844,safe,Theano_SC
TSM_v3,20,0.010943174362182617,safe,z3
TSM_v3,20,0.004974842071533203,safe,cvc5
TSM_v3,21,0.04039812088012695,safe,Theano_DC
TSM_v3,21,0.04026198387145996,safe,Theano_SC
TSM_v3,21,0.011354923248291016,safe,z3
TSM_v3,21,0.0049059391021728516,safe,cvc5
TSM_v3,22,0.03997206687927246,safe,Theano_DC
TSM_v3,22,0.04064202308654785,safe,Theano_SC
TSM_v3,22,0.011227846145629883,safe,z3
TSM_v3,22,0.004884004592895508,safe,cvc5
TSM_v3,23,0.040040016174316406,safe,Theano_DC
TSM_v3,23,0.0403749942779541,safe,Theano_SC
TSM_v3,23,0.010928869247436523,safe,z3
TSM_v3,23,0.004837989807128906,safe,cvc5
TSM_v3,24,0.04023599624633789,safe,Theano_DC
TSM_v3,24,0.0406489372253418,safe,Theano_SC
TSM_v3,24,0.023111820220947266,safe,z3
TSM_v3,24,0.0051479339599609375,safe,cvc5
TSM_v3,25,0.04024195671081543,safe,Theano_DC
TSM_v3,25,0.0405728816986084,safe,Theano_SC
TSM_v3,25,0.011013984680175781,safe,z3
TSM_v3,25,0.00500798225402832,safe,cvc5
TSM_v3,26,0.03986406326293945,safe,Theano_DC
TSM_v3,26,0.04072093963623047,safe,Theano_SC
TSM_v3,26,0.011179924011230469,safe,z3
TSM_v3,26,0.005074024200439453,safe,cvc5
TSM_v3,27,0.040580034255981445,safe,Theano_DC
TSM_v3,27,0.04063296318054199,safe,Theano_SC
TSM_v3,27,0.011081933975219727,safe,z3
TSM_v3,27,0.004906177520751953,safe,cvc5
TSM_v3,28,0.040390968322753906,safe,Theano_DC
TSM_v3,28,0.040483951568603516,safe,Theano_SC
TSM_v3,28,0.01100778579711914,safe,z3
TSM_v3,28,0.005120038986206055,safe,cvc5
TSM_v3,29,0.039800167083740234,safe,Theano_DC
TSM_v3,29,0.04075479507446289,safe,Theano_SC
TSM_v3,29,0.011073112487792969,safe,z3
TSM_v3,29,0.004920005798339844,safe,cvc5
TSM_v3,30,0.03991198539733887,safe,Theano_DC
TSM_v3,30,0.04112601280212402,safe,Theano_SC
TSM_v3,30,0.011187076568603516,safe,z3
TSM_v3,30,0.004848957061767578,safe,cvc5
TSM_v3,31,0.040222883224487305,safe,Theano_DC
TSM_v3,31,0.042170047760009766,safe,Theano_SC
TSM_v3,31,0.011282920837402344,safe,z3
TSM_v3,31,0.004914045333862305,safe,cvc5
TSM_v3,32,0.039903879165649414,safe,Theano_DC
TSM_v3,32,0.041030168533325195,safe,Theano_SC
TSM_v3,32,0.010892868041992188,safe,z3
TSM_v3,32,0.004926919937133789,safe,cvc5
TSM_v3,33,0.0400240421295166,safe,Theano_DC
TSM_v3,33,0.04086804389953613,safe,Theano_SC
TSM_v3,33,0.011129140853881836,safe,z3
TSM_v3,33,0.004904031753540039,safe,cvc5
TSM_v3,34,0.04001188278198242,safe,Theano_DC
TSM_v3,34,0.040632009506225586,safe,Theano_SC
TSM_v3,34,0.011224985122680664,safe,z3
TSM_v3,34,0.004927158355712891,safe,cvc5
TSM_v3,35,0.04054093360900879,safe,Theano_DC
TSM_v3,35,0.04071307182312012,safe,Theano_SC
TSM_v3,35,0.011452913284301758,safe,z3
TSM_v3,35,0.00494694709777832,safe,cvc5
TSM_v3,36,0.040138959884643555,safe,Theano_DC
TSM_v3,36,0.04083704948425293,safe,Theano_SC
TSM_v3,36,0.011256933212280273,safe,z3
TSM_v3,36,0.0048830509185791016,safe,cvc5
TSM_v3,37,0.04040813446044922,safe,Theano_DC
TSM_v3,37,0.04074716567993164,safe,Theano_SC
TSM_v3,37,0.011106014251708984,safe,z3
TSM_v3,37,0.005017995834350586,safe,cvc5
TSM_v3,38,0.041185855865478516,safe,Theano_DC
TSM_v3,38,0.04112887382507324,safe,Theano_SC
TSM_v3,38,0.011188983917236328,safe,z3
TSM_v3,38,0.005264997482299805,safe,cvc5
TSM_v3,39,0.04008293151855469,safe,Theano_DC
TSM_v3,39,0.040946006774902344,safe,Theano_SC
TSM_v3,39,0.011054039001464844,safe,z3
TSM_v3,39,0.005068063735961914,safe,cvc5
TSM_v3,40,0.04025697708129883,safe,Theano_DC
TSM_v3,40,0.04125690460205078,safe,Theano_SC
TSM_v3,40,0.011693000793457031,safe,z3
TSM_v3,40,0.004790067672729492,safe,cvc5
TSM_v3,41,0.040608882904052734,safe,Theano_DC
TSM_v3,41,0.04078984260559082,safe,Theano_SC
TSM_v3,41,0.01105809211730957,safe,z3
TSM_v3,41,0.0049479007720947266,safe,cvc5
TSM_v3,42,0.040220022201538086,safe,Theano_DC
TSM_v3,42,0.04078197479248047,safe,Theano_SC
TSM_v3,42,0.011433124542236328,safe,z3
TSM_v3,42,0.005163908004760742,safe,cvc5
TSM_v3,43,0.03999185562133789,safe,Theano_DC
TSM_v3,43,0.04109811782836914,safe,Theano_SC
TSM_v3,43,0.011287927627563477,safe,z3
TSM_v3,43,0.005079030990600586,safe,cvc5
TSM_v3,44,0.04039812088012695,safe,Theano_DC
TSM_v3,44,0.041056156158447266,safe,Theano_SC
TSM_v3,44,0.01112818717956543,safe,z3
TSM_v3,44,0.005003929138183594,safe,cvc5
TSM_v3,45,0.04051089286804199,safe,Theano_DC
TSM_v3,45,0.040802001953125,safe,Theano_SC
TSM_v3,45,0.01196599006652832,safe,z3
TSM_v3,45,0.0050508975982666016,safe,cvc5
TSM_v3,46,0.04083085060119629,safe,Theano_DC
TSM_v3,46,0.040921926498413086,safe,Theano_SC
TSM_v3,46,0.010991096496582031,safe,z3
TSM_v3,46,0.0048830509185791016,safe,cvc5
TSM_v3,47,0.04036712646484375,safe,Theano_DC
TSM_v3,47,0.04076194763183594,safe,Theano_SC
TSM_v3,47,0.011262893676757812,safe,z3
TSM_v3,47,0.004796028137207031,safe,cvc5
TSM_v3,48,0.04014110565185547,safe,Theano_DC
TSM_v3,48,0.040580034255981445,safe,Theano_SC
TSM_v3,48,0.01119089126586914,safe,z3
TSM_v3,48,0.004965066909790039,safe,cvc5
TSM_v3,49,0.04012894630432129,safe,Theano_DC
TSM_v3,49,0.040962934494018555,safe,Theano_SC
TSM_v3,49,0.011166095733642578,safe,z3
TSM_v3,49,0.0048868656158447266,safe,cvc5
TSM_v3,50,0.040474891662597656,safe,Theano_DC
TSM_v3,50,0.04066300392150879,safe,Theano_SC
TSM_v3,50,0.011482000350952148,safe,z3
TSM_v3,50,0.0049631595611572266,safe,cvc5
FSM_v3,1,0.04142498970031738,safe,Theano_DC
FSM_v3,1,0.04184699058532715,safe,Theano_SC
FSM_v3,1,0.011346101760864258,safe,z3
FSM_v3,1,0.004698991775512695,safe,cvc5
FSM_v3,2,0.04096388816833496,safe,Theano_DC
FSM_v3,2,0.041780948638916016,safe,Theano_SC
FSM_v3,2,0.010637998580932617,safe,z3
FSM_v3,2,0.004664182662963867,safe,cvc5
FSM_v3,3,0.04177999496459961,safe,Theano_DC
FSM_v3,3,0.04130911827087402,safe,Theano_SC
FSM_v3,3,0.010514974594116211,safe,z3
FSM_v3,3,0.004599809646606445,safe,cvc5
FSM_v3,4,0.041615962982177734,safe,Theano_DC
FSM_v3,4,0.0419459342956543,safe,Theano_SC
FSM_v3,4,0.011095046997070312,safe,z3
FSM_v3,4,0.004861116409301758,safe,cvc5
FSM_v3,5,0.04149293899536133,safe,Theano_DC
FSM_v3,5,0.04178285598754883,safe,Theano_SC
FSM_v3,5,0.010535955429077148,safe,z3
FSM_v3,5,0.004782915115356445,safe,cvc5
FSM_v3,6,0.04139089584350586,safe,Theano_DC
FSM_v3,6,0.04196596145629883,safe,Theano_SC
FSM_v3,6,0.01066899299621582,safe,z3
FSM_v3,6,0.004614830017089844,safe,cvc5
FSM_v3,7,0.04131484031677246,safe,Theano_DC
FSM_v3,7,0.04180002212524414,safe,Theano_SC
FSM_v3,7,0.010651111602783203,safe,z3
FSM_v3,7,0.004654884338378906,safe,cvc5
FSM_v3,8,0.041445016860961914,safe,Theano_DC
FSM_v3,8,0.041877031326293945,safe,Theano_SC
FSM_v3,8,0.010746955871582031,safe,z3
FSM_v3,8,0.004621028900146484,safe,cvc5
FSM_v3,9,0.04192686080932617,safe,Theano_DC
FSM_v3,9,0.042037010192871094,safe,Theano_SC
FSM_v3,9,0.010859966278076172,safe,z3
FSM_v3,9,0.004770994186401367,safe,cvc5
FSM_v3,10,0.04121804237365723,safe,Theano_DC
FSM_v3,10,0.041990041732788086,safe,Theano_SC
FSM_v3,10,0.010804891586303711,safe,z3
FSM_v3,10,0.0045948028564453125,safe,cvc5
FSM_v3,11,0.04186201095581055,safe,Theano_DC
FSM_v3,11,0.04226112365722656,safe,Theano_SC
FSM_v3,11,0.010740995407104492,safe,z3
FSM_v3,11,0.004642009735107422,safe,cvc5
FSM_v3,12,0.04183316230773926,safe,Theano_DC
FSM_v3,12,0.041960954666137695,safe,Theano_SC
FSM_v3,12,0.010727882385253906,safe,z3
FSM_v3,12,0.004658937454223633,safe,cvc5
FSM_v3,13,0.0413970947265625,safe,Theano_DC
FSM_v3,13,0.04198908805847168,safe,Theano_SC
FSM_v3,13,0.010805130004882812,safe,z3
FSM_v3,13,0.0046880245208740234,safe,cvc5
FSM_v3,14,0.04139304161071777,safe,Theano_DC
FSM_v3,14,0.04138994216918945,safe,Theano_SC
FSM_v3,14,0.010835886001586914,safe,z3
FSM_v3,14,0.004697084426879883,safe,cvc5
FSM_v3,15,0.04145693778991699,safe,Theano_DC
FSM_v3,15,0.04207897186279297,safe,Theano_SC
FSM_v3,15,0.010582923889160156,safe,z3
FSM_v3,15,0.004830121994018555,safe,cvc5
FSM_v3,16,0.04135012626647949,safe,Theano_DC
FSM_v3,16,0.042059898376464844,safe,Theano_SC
FSM_v3,16,0.010770082473754883,safe,z3
FSM_v3,16,0.004542112350463867,safe,cvc5
FSM_v3,17,0.04129910469055176,safe,Theano_DC
FSM_v3,17,0.041845083236694336,safe,Theano_SC
FSM_v3,17,0.010989189147949219,safe,z3
FSM_v3,17,0.004748106002807617,safe,cvc5
FSM_v3,18,0.0411069393157959,safe,Theano_DC
FSM_v3,18,0.04226493835449219,safe,Theano_SC
FSM_v3,18,0.010828018188476562,safe,z3
FSM_v3,18,0.004921913146972656,safe,cvc5
FSM_v3,19,0.04158306121826172,safe,Theano_DC
FSM_v3,19,0.042198896408081055,safe,Theano_SC
FSM_v3,19,0.011021137237548828,safe,z3
FSM_v3,19,0.004678964614868164,safe,cvc5
FSM_v3,20,0.04136204719543457,safe,Theano_DC
FSM_v3,20,0.04183197021484375,safe,Theano_SC
FSM_v3,20,0.010998964309692383,safe,z3
FSM_v3,20,0.0046558380126953125,safe,cvc5
FSM_v3,21,0.041346073150634766,safe,Theano_DC
FSM_v3,21,0.041908979415893555,safe,Theano_SC
FSM_v3,21,0.010954856872558594,safe,z3
FSM_v3,21,0.004723072052001953,safe,cvc5
FSM_v3,22,0.04162192344665527,safe,Theano_DC
FSM_v3,22,0.04201984405517578,safe,Theano_SC
FSM_v3,22,0.010828018188476562,safe,z3
FSM_v3,22,0.0047228336334228516,safe,cvc5
FSM_v3,23,0.042012929916381836,safe,Theano_DC
FSM_v3,23,0.042040109634399414,safe,Theano_SC
FSM_v3,23,0.010795116424560547,safe,z3
FSM_v3,23,0.004678010940551758,safe,cvc5
FSM_v3,24,0.04168200492858887,safe,Theano_DC
FSM_v3,24,0.0418698787689209,safe,Theano_SC
FSM_v3,24,0.010838985443115234,safe,z3
FSM_v3,24,0.0047338008880615234,safe,cvc5
FSM_v3,25,0.041593074798583984,safe,Theano_DC
FSM_v3,25,0.0419619083404541,safe,Theano_SC
FSM_v3,25,0.010566949844360352,safe,z3
FSM_v3,25,0.00477910041809082,safe,cvc5
FSM_v3,26,0.041641950607299805,safe,Theano_DC
FSM_v3,26,0.04189705848693848,safe,Theano_SC
FSM_v3,26,0.01082301139831543,safe,z3
FSM_v3,26,0.0047070980072021484,safe,cvc5
FSM_v3,27,0.041372060775756836,safe,Theano_DC
FSM_v3,27,0.04194188117980957,safe,Theano_SC
FSM_v3,27,0.010653018951416016,safe,z3
FSM_v3,27,0.004660844802856445,safe,cvc5
FSM_v3,28,0.041769981384277344,safe,Theano_DC
FSM_v3,28,0.042231082916259766,safe,Theano_SC
FSM_v3,28,0.010867118835449219,safe,z3
FSM_v3,28,0.00452113151550293,safe,cvc5
FSM_v3,29,0.0414581298828125,safe,Theano_DC
FSM_v3,29,0.0423731803894043,safe,Theano_SC
FSM_v3,29,0.010936975479125977,safe,z3
FSM_v3,29,0.004758119583129883,safe,cvc5
FSM_v3,30,0.04154205322265625,safe,Theano_DC
FSM_v3,30,0.042511940002441406,safe,Theano_SC
FSM_v3,30,0.010807991027832031,safe,z3
FSM_v3,30,0.004844188690185547,safe,cvc5
FSM_v3,31,0.04260587692260742,safe,Theano_DC
FSM_v3,31,0.04191899299621582,safe,Theano_SC
FSM_v3,31,0.010720014572143555,safe,z3
FSM_v3,31,0.004599809646606445,safe,cvc5
FSM_v3,32,0.04205894470214844,safe,Theano_DC
FSM_v3,32,0.04213690757751465,safe,Theano_SC
FSM_v3,32,0.010934114456176758,safe,z3
FSM_v3,32,0.004782915115356445,safe,cvc5
FSM_v3,33,0.04180598258972168,safe,Theano_DC
FSM_v3,33,0.04210400581359863,safe,Theano_SC
FSM_v3,33,0.010914087295532227,safe,z3
FSM_v3,33,0.00471806526184082,safe,cvc5
FSM_v3,34,0.04164695739746094,safe,Theano_DC
FSM_v3,34,0.04259610176086426,safe,Theano_SC
FSM_v3,34,0.012753009796142578,safe,z3
FSM_v3,34,0.004743099212646484,safe,cvc5
FSM_v3,35,0.04191708564758301,safe,Theano_DC
FSM_v3,35,0.04287004470825195,safe,Theano_SC
FSM_v3,35,0.010895013809204102,safe,z3
FSM_v3,35,0.0047149658203125,safe,cvc5
FSM_v3,36,0.04162883758544922,safe,Theano_DC
FSM_v3,36,0.04185199737548828,safe,Theano_SC
FSM_v3,36,0.01076197624206543,safe,z3
FSM_v3,36,0.00455784797668457,safe,cvc5
FSM_v3,37,0.04128718376159668,safe,Theano_DC
FSM_v3,37,0.042188167572021484,safe,Theano_SC
FSM_v3,37,0.010789871215820312,safe,z3
FSM_v3,37,0.004645109176635742,safe,cvc5
FSM_v3,38,0.04170799255371094,safe,Theano_DC
FSM_v3,38,0.0419309139251709,safe,Theano_SC
FSM_v3,38,0.010599136352539062,safe,z3
FSM_v3,38,0.004850864410400391,safe,cvc5
FSM_v3,39,0.04169511795043945,safe,Theano_DC
FSM_v3,39,0.04190492630004883,safe,Theano_SC
FSM_v3,39,0.010764122009277344,safe,z3
FSM_v3,39,0.004568815231323242,safe,cvc5
FSM_v3,40,0.041586875915527344,safe,Theano_DC
FSM_v3,40,0.04249382019042969,safe,Theano_SC
FSM_v3,40,0.010631084442138672,safe,z3
FSM_v3,40,0.004582881927490234,safe,cvc5
FSM_v3,41,0.04156494140625,safe,Theano_DC
FSM_v3,41,0.042259931564331055,safe,Theano_SC
FSM_v3,41,0.010704994201660156,safe,z3
FSM_v3,41,0.0047109127044677734,safe,cvc5
FSM_v3,42,0.04174399375915527,safe,Theano_DC
FSM_v3,42,0.042279958724975586,safe,Theano_SC
FSM_v3,42,0.010914087295532227,safe,z3
FSM_v3,42,0.004747867584228516,safe,cvc5
FSM_v3,43,0.04211997985839844,safe,Theano_DC
FSM_v3,43,0.04205799102783203,safe,Theano_SC
FSM_v3,43,0.01061105728149414,safe,z3
FSM_v3,43,0.004601001739501953,safe,cvc5
FSM_v3,44,0.04161190986633301,safe,Theano_DC
FSM_v3,44,0.042092084884643555,safe,Theano_SC
FSM_v3,44,0.010372161865234375,safe,z3
FSM_v3,44,0.004691123962402344,safe,cvc5
FSM_v3,45,0.0411219596862793,safe,Theano_DC
FSM_v3,45,0.04241204261779785,safe,Theano_SC
FSM_v3,45,0.010653018951416016,safe,z3
FSM_v3,45,0.0046460628509521484,safe,cvc5
FSM_v3,46,0.04206585884094238,safe,Theano_DC
FSM_v3,46,0.04232287406921387,safe,Theano_SC
FSM_v3,46,0.010664939880371094,safe,z3
FSM_v3,46,0.0047760009765625,safe,cvc5
FSM_v3,47,0.042005062103271484,safe,Theano_DC
FSM_v3,47,0.04227089881896973,safe,Theano_SC
FSM_v3,47,0.01069188117980957,safe,z3
FSM_v3,47,0.004785060882568359,safe,cvc5
FSM_v3,48,0.04192185401916504,safe,Theano_DC
FSM_v3,48,0.04230904579162598,safe,Theano_SC
FSM_v3,48,0.010972023010253906,safe,z3
FSM_v3,48,0.004678964614868164,safe,cvc5
FSM_v3,49,0.04451107978820801,safe,Theano_DC
FSM_v3,49,0.057276010513305664,safe,Theano_SC
FSM_v3,49,0.010647058486938477,safe,z3
FSM_v3,49,0.004723072052001953,safe,cvc5
FSM_v3,50,0.04187178611755371,safe,Theano_DC
FSM_v3,50,0.04175400733947754,safe,Theano_SC
FSM_v3,50,0.010725021362304688,safe,z3
FSM_v3,50,0.004683017730712891,safe,cvc5
TUI_v2,1,0.04104304313659668,safe,Theano_DC
TUI_v2,1,0.04101300239562988,safe,Theano_SC
TUI_v2,1,0.010658979415893555,safe,z3
TUI_v2,1,0.004781961441040039,safe,cvc5
TUI_v2,2,0.040497779846191406,safe,Theano_DC
TUI_v2,2,0.041296958923339844,safe,Theano_SC
TUI_v2,2,0.010755062103271484,safe,z3
TUI_v2,2,0.0047609806060791016,safe,cvc5
TUI_v2,3,0.041532039642333984,safe,Theano_DC
TUI_v2,3,0.04134988784790039,safe,Theano_SC
TUI_v2,3,0.010698080062866211,safe,z3
TUI_v2,3,0.004492044448852539,safe,cvc5
TUI_v2,4,0.0410618782043457,safe,Theano_DC
TUI_v2,4,0.041467905044555664,safe,Theano_SC
TUI_v2,4,0.010532140731811523,safe,z3
TUI_v2,4,0.00477910041809082,safe,cvc5
TUI_v2,5,0.04087400436401367,safe,Theano_DC
TUI_v2,5,0.04080605506896973,safe,Theano_SC
TUI_v2,5,0.010735034942626953,safe,z3
TUI_v2,5,0.004728794097900391,safe,cvc5
TUI_v2,6,0.041184186935424805,safe,Theano_DC
TUI_v2,6,0.04230904579162598,safe,Theano_SC
TUI_v2,6,0.010904073715209961,safe,z3
TUI_v2,6,0.004534006118774414,safe,cvc5
TUI_v2,7,0.04041314125061035,safe,Theano_DC
TUI_v2,7,0.04163694381713867,safe,Theano_SC
TUI_v2,7,0.010747194290161133,safe,z3
TUI_v2,7,0.004765987396240234,safe,cvc5
TUI_v2,8,0.04073786735534668,safe,Theano_DC
TUI_v2,8,0.04133796691894531,safe,Theano_SC
TUI_v2,8,0.010608911514282227,safe,z3
TUI_v2,8,0.0047190189361572266,safe,cvc5
TUI_v2,9,0.040441036224365234,safe,Theano_DC
TUI_v2,9,0.041007041931152344,safe,Theano_SC
TUI_v2,9,0.010628938674926758,safe,z3
TUI_v2,9,0.0046939849853515625,safe,cvc5
TUI_v2,10,0.04097318649291992,safe,Theano_DC
TUI_v2,10,0.04158782958984375,safe,Theano_SC
TUI_v2,10,0.010636091232299805,safe,z3
TUI_v2,10,0.004832029342651367,safe,cvc5
TUI_v2,11,0.0407869815826416,safe,Theano_DC
TUI_v2,11,0.04111790657043457,safe,Theano_SC
TUI_v2,11,0.010946035385131836,safe,z3
TUI_v2,11,0.004853010177612305,safe,cvc5
TUI_v2,12,0.0410611629486084,safe,Theano_DC
TUI_v2,12,0.04109501838684082,safe,Theano_SC
TUI_v2,12,0.010907173156738281,safe,z3
TUI_v2,12,0.004678964614868164,safe,cvc5
TUI_v2,13,0.041082143783569336,safe,Theano_DC
TUI_v2,13,0.040944814682006836,safe,Theano_SC
TUI_v2,13,0.010876893997192383,safe,z3
TUI_v2,13,0.0046749114990234375,safe,cvc5
TUI_v2,14,0.04097104072570801,safe,Theano_DC
TUI_v2,14,0.04119682312011719,safe,Theano_SC
TUI_v2,14,0.010530948638916016,safe,z3
TUI_v2,14,0.004721164703369141,safe,cvc5
TUI_v2,15,0.04075288772583008,safe,Theano_DC
TUI_v2,15,0.041815996170043945,safe,Theano_SC
TUI_v2,15,0.010610103607177734,safe,z3
TUI_v2,15,0.0048639774322509766,safe,cvc5
TUI_v2,16,0.0409541130065918,safe,Theano_DC
TUI_v2,16,0.04140782356262207,safe,Theano_SC
TUI_v2,16,0.010816097259521484,safe,z3
TUI_v2,16,0.004724979400634766,safe,cvc5
TUI_v2,17,0.04088902473449707,safe,Theano_DC
TUI_v2,17,0.041769981384277344,safe,Theano_SC
TUI_v2,17,0.010982990264892578,safe,z3
TUI_v2,17,0.004862070083618164,safe,cvc5
TUI_v2,18,0.04071307182312012,safe,Theano_DC
TUI_v2,18,0.04111886024475098,safe,Theano_SC
TUI_v2,18,0.010663032531738281,safe,z3
TUI_v2,18,0.004599094390869141,safe,cvc5
TUI_v2,19,0.04079914093017578,safe,Theano_DC
TUI_v2,19,0.0551609992980957,safe,Theano_SC
TUI_v2,19,0.010920047760009766,safe,z3
TUI_v2,19,0.0047109127044677734,safe,cvc5
TUI_v2,20,0.04094505310058594,safe,Theano_DC
TUI_v2,20,0.042684078216552734,safe,Theano_SC
TUI_v2,20,0.010712146759033203,safe,z3
TUI_v2,20,0.004923105239868164,safe,cvc5
TUI_v2,21,0.04127097129821777,safe,Theano_DC
TUI_v2,21,0.04182910919189453,safe,Theano_SC
TUI_v2,21,0.010887861251831055,safe,z3
TUI_v2,21,0.00464320182800293,safe,cvc5
TUI_v2,22,0.04113507270812988,safe,Theano_DC
TUI_v2,22,0.041506052017211914,safe,Theano_SC
TUI_v2,22,0.010854959487915039,safe,z3
TUI_v2,22,0.004592180252075195,safe,cvc5
TUI_v2,23,0.04083704948425293,safe,Theano_DC
TUI_v2,23,0.041316986083984375,safe,Theano_SC
TUI_v2,23,0.010799884796142578,safe,z3
TUI_v2,23,0.004469871520996094,safe,cvc5
TUI_v2,24,0.041285037994384766,safe,Theano_DC
TUI_v2,24,0.04112601280212402,safe,Theano_SC
TUI_v2,24,0.010720014572143555,safe,z3
TUI_v2,24,0.004734039306640625,safe,cvc5
TUI_v2,25,0.04114890098571777,safe,Theano_DC
TUI_v2,25,0.04149913787841797,safe,Theano_SC
TUI_v2,25,0.011097908020019531,safe,z3
TUI_v2,25,0.004640102386474609,safe,cvc5
TUI_v2,26,0.04080796241760254,safe,Theano_DC
TUI_v2,26,0.041235923767089844,safe,Theano_SC
TUI_v2,26,0.010622024536132812,safe,z3
TUI_v2,26,0.004803180694580078,safe,cvc5
TUI_v2,27,0.041088104248046875,safe,Theano_DC
TUI_v2,27,0.041419029235839844,safe,Theano_SC
TUI_v2,27,0.010603189468383789,safe,z3
TUI_v2,27,0.0047419071197509766,safe,cvc5
TUI_v2,28,0.040673017501831055,safe,Theano_DC
TUI_v2,28,0.041224002838134766,safe,Theano_SC
TUI_v2,28,0.010571002960205078,safe,z3
TUI_v2,28,0.0045871734619140625,safe,cvc5
TUI_v2,29,0.04073500633239746,safe,Theano_DC
TUI_v2,29,0.041483163833618164,safe,Theano_SC
TUI_v2,29,0.01081705093383789,safe,z3
TUI_v2,29,0.004775047302246094,safe,cvc5
TUI_v2,30,0.04117178916931152,safe,Theano_DC
TUI_v2,30,0.04127979278564453,safe,Theano_SC
TUI_v2,30,0.010513782501220703,safe,z3
TUI_v2,30,0.004695892333984375,safe,cvc5
TUI_v2,31,0.04111123085021973,safe,Theano_DC
TUI_v2,31,0.04191899299621582,safe,Theano_SC
TUI_v2,31,0.01081705093383789,safe,z3
TUI_v2,31,0.004807949066162109,safe,cvc5
TUI_v2,32,0.04121112823486328,safe,Theano_DC
TUI_v2,32,0.0412290096282959,safe,Theano_SC
TUI_v2,32,0.01075601577758789,safe,z3
TUI_v2,32,0.004772186279296875,safe,cvc5
TUI_v2,33,0.04079604148864746,safe,Theano_DC
TUI_v2,33,0.04170393943786621,safe,Theano_SC
TUI_v2,33,0.010857820510864258,safe,z3
TUI_v2,33,0.004806995391845703,safe,cvc5
TUI_v2,34,0.04221200942993164,safe,Theano_DC
TUI_v2,34,0.04269599914550781,safe,Theano_SC
TUI_v2,34,0.010701894760131836,safe,z3
TUI_v2,34,0.005045175552368164,safe,cvc5
TUI_v2,35,0.04819893836975098,safe,Theano_DC
TUI_v2,35,0.05987215042114258,safe,Theano_SC
TUI_v2,35,0.012801170349121094,safe,z3
TUI_v2,35,0.00509190559387207,safe,cvc5
TUI_v2,36,0.04302501678466797,safe,Theano_DC
TUI_v2,36,0.04170799255371094,safe,Theano_SC
TUI_v2,36,0.010771989822387695,safe,z3
TUI_v2,36,0.0046961307525634766,safe,cvc5
TUI_v2,37,0.042034149169921875,safe,Theano_DC
TUI_v2,37,0.04229402542114258,safe,Theano_SC
TUI_v2,37,0.011078119277954102,safe,z3
TUI_v2,37,0.004854917526245117,safe,cvc5
TUI_v2,38,0.04256415367126465,safe,Theano_DC
TUI_v2,38,0.04190206527709961,safe,Theano_SC
TUI_v2,38,0.010615825653076172,safe,z3
TUI_v2,38,0.004554033279418945,safe,cvc5
TUI_v2,39,0.04230999946594238,safe,Theano_DC
TUI_v2,39,0.05391192436218262,safe,Theano_SC
TUI_v2,39,0.01118612289428711,safe,z3
TUI_v2,39,0.0047609806060791016,safe,cvc5
TUI_v2,40,0.0414729118347168,safe,Theano_DC
TUI_v2,40,0.04171895980834961,safe,Theano_SC
TUI_v2,40,0.011161088943481445,safe,z3
TUI_v2,40,0.004817008972167969,safe,cvc5
TUI_v2,41,0.044219970703125,safe,Theano_DC
TUI_v2,41,0.041790008544921875,safe,Theano_SC
TUI_v2,41,0.011060953140258789,safe,z3
TUI_v2,41,0.004830837249755859,safe,cvc5
TUI_v2,42,0.04155778884887695,safe,Theano_DC
TUI_v2,42,0.04201483726501465,safe,Theano_SC
TUI_v2,42,0.01102900505065918,safe,z3
TUI_v2,42,0.004861116409301758,safe,cvc5
TUI_v2,43,0.041587114334106445,safe,Theano_DC
TUI_v2,43,0.04167294502258301,safe,Theano_SC
TUI_v2,43,0.010975837707519531,safe,z3
TUI_v2,43,0.004685878753662109,safe,cvc5
TUI_v2,44,0.04141092300415039,safe,Theano_DC
TUI_v2,44,0.04180788993835449,safe,Theano_SC
TUI_v2,44,0.01098489761352539,safe,z3
TUI_v2,44,0.004839181900024414,safe,cvc5
TUI_v2,45,0.04148292541503906,safe,Theano_DC
TUI_v2,45,0.04174518585205078,safe,Theano_SC
TUI_v2,45,0.010803937911987305,safe,z3
TUI_v2,45,0.00491786003112793,safe,cvc5
TUI_v2,46,0.0413510799407959,safe,Theano_DC
TUI_v2,46,0.04212594032287598,safe,Theano_SC
TUI_v2,46,0.011094093322753906,safe,z3
TUI_v2,46,0.004889965057373047,safe,cvc5
TUI_v2,47,0.041867971420288086,safe,Theano_DC
TUI_v2,47,0.04197406768798828,safe,Theano_SC
TUI_v2,47,0.010740995407104492,safe,z3
TUI_v2,47,0.0045928955078125,safe,cvc5
TUI_v2,48,0.04131793975830078,safe,Theano_DC
TUI_v2,48,0.04258894920349121,safe,Theano_SC
TUI_v2,48,0.010851860046386719,safe,z3
TUI_v2,48,0.004912853240966797,safe,cvc5
TUI_v2,49,0.040689945220947266,safe,Theano_DC
TUI_v2,49,0.041548967361450195,safe,Theano_SC
TUI_v2,49,0.0106048583984375,safe,z3
TUI_v2,49,0.004709005355834961,safe,cvc5
TUI_v2,50,0.041192054748535156,safe,Theano_DC
TUI_v2,50,0.04132795333862305,safe,Theano_SC
TUI_v2,50,0.010545015335083008,safe,z3
TUI_v2,50,0.004742860794067383,safe,cvc5
REG_v3,1,0.04178905487060547,safe,Theano_DC
REG_v3,1,0.04170107841491699,safe,Theano_SC
REG_v3,1,0.01394510269165039,safe,z3
REG_v3,1,0.005859851837158203,safe,cvc5
REG_v3,2,0.04162001609802246,safe,Theano_DC
REG_v3,2,0.04168701171875,safe,Theano_SC
REG_v3,2,0.011087894439697266,safe,z3
REG_v3,2,0.0050830841064453125,safe,cvc5
REG_v3,3,0.04128313064575195,safe,Theano_DC
REG_v3,3,0.04167890548706055,safe,Theano_SC
REG_v3,3,0.011310100555419922,safe,z3
REG_v3,3,0.005077838897705078,safe,cvc5
REG_v3,4,0.041114091873168945,safe,Theano_DC
REG_v3,4,0.04194903373718262,safe,Theano_SC
REG_v3,4,0.011224031448364258,safe,z3
REG_v3,4,0.005133152008056641,safe,cvc5
REG_v3,5,0.04168200492858887,safe,Theano_DC
REG_v3,5,0.0420529842376709,safe,Theano_SC
REG_v3,5,0.010846138000488281,safe,z3
REG_v3,5,0.005040884017944336,safe,cvc5
REG_v3,6,0.04176783561706543,safe,Theano_DC
REG_v3,6,0.04184103012084961,safe,Theano_SC
REG_v3,6,0.010998964309692383,safe,z3
REG_v3,6,0.005019187927246094,safe,cvc5
REG_v3,7,0.04135894775390625,safe,Theano_DC
REG_v3,7,0.041622161865234375,safe,Theano_SC
REG_v3,7,0.023186922073364258,safe,z3
REG_v3,7,0.005290985107421875,safe,cvc5
REG_v3,8,0.04126596450805664,safe,Theano_DC
REG_v3,8,0.04166603088378906,safe,Theano_SC
REG_v3,8,0.011188983917236328,safe,z3
REG_v3,8,0.005034923553466797,safe,cvc5
REG_v3,9,0.04177594184875488,safe,Theano_DC
REG_v3,9,0.04179883003234863,safe,Theano_SC
REG_v3,9,0.011126041412353516,safe,z3
REG_v3,9,0.005142927169799805,safe,cvc5
REG_v3,10,0.04145503044128418,safe,Theano_DC
REG_v3,10,0.04161810874938965,safe,Theano_SC
REG_v3,10,0.01125192642211914,safe,z3
REG_v3,10,0.005148172378540039,safe,cvc5
REG_v3,11,0.04211688041687012,safe,Theano_DC
REG_v3,11,0.04204201698303223,safe,Theano_SC
REG_v3,11,0.01140904426574707,safe,z3
REG_v3,11,0.005251884460449219,safe,cvc5
REG_v3,12,0.04219484329223633,safe,Theano_DC
REG_v3,12,0.04173588752746582,safe,Theano_SC
REG_v3,12,0.011184930801391602,safe,z3
REG_v3,12,0.005132198333740234,safe,cvc5
REG_v3,13,0.04154396057128906,safe,Theano_DC
REG_v3,13,0.041793107986450195,safe,Theano_SC
REG_v3,13,0.011089086532592773,safe,z3
REG_v3,13,0.005116939544677734,safe,cvc5
REG_v3,14,0.041481971740722656,safe,Theano_DC
REG_v3,14,0.041998863220214844,safe,Theano_SC
REG_v3,14,0.011208057403564453,safe,z3
REG_v3,14,0.005057096481323242,safe,cvc5
REG_v3,15,0.04111599922180176,safe,Theano_DC
REG_v3,15,0.042138099670410156,safe,Theano_SC
REG_v3,15,0.011233091354370117,safe,z3
REG_v3,15,0.005136966705322266,safe,cvc5
REG_v3,16,0.0414881706237793,safe,Theano_DC
REG_v3,16,0.04189586639404297,safe,Theano_SC
REG_v3,16,0.010918855667114258,safe,z3
REG_v3,16,0.005052089691162109,safe,cvc5
REG_v3,17,0.04113292694091797,safe,Theano_DC
REG_v3,17,0.04211783409118652,safe,Theano_SC
REG_v3,17,0.011059045791625977,safe,z3
REG_v3,17,0.005021095275878906,safe,cvc5
REG_v3,18,0.04157710075378418,safe,Theano_DC
REG_v3,18,0.04179692268371582,safe,Theano_SC
REG_v3,18,0.011208057403564453,safe,z3
REG_v3,18,0.00504612922668457,safe,cvc5
REG_v3,19,0.04122114181518555,safe,Theano_DC
REG_v3,19,0.04161214828491211,safe,Theano_SC
REG_v3,19,0.011330842971801758,safe,z3
REG_v3,19,0.005114078521728516,safe,cvc5
REG_v3,20,0.04144001007080078,safe,Theano_DC
REG_v3,20,0.041879892349243164,safe,Theano_SC
REG_v3,20,0.011278867721557617,safe,z3
REG_v3,20,0.005026102066040039,safe,cvc5
REG_v3,21,0.04124283790588379,safe,Theano_DC
REG_v3,21,0.041979074478149414,safe,Theano_SC
REG_v3,21,0.011024951934814453,safe,z3
REG_v3,21,0.0051538944244384766,safe,cvc5
REG_v3,22,0.0413060188293457,safe,Theano_DC
REG_v3,22,0.04187798500061035,safe,Theano_SC
REG_v3,22,0.011305093765258789,safe,z3
REG_v3,22,0.005475044250488281,safe,cvc5
REG_v3,23,0.04172110557556152,safe,Theano_DC
REG_v3,23,0.04214882850646973,safe,Theano_SC
REG_v3,23,0.01127004623413086,safe,z3
REG_v3,23,0.0050699710845947266,safe,cvc5
REG_v3,24,0.041561126708984375,safe,Theano_DC
REG_v3,24,0.04229998588562012,safe,Theano_SC
REG_v3,24,0.011317968368530273,safe,z3
REG_v3,24,0.005125999450683594,safe,cvc5
REG_v3,25,0.04158902168273926,safe,Theano_DC
REG_v3,25,0.056097984313964844,safe,Theano_SC
REG_v3,25,0.01117706298828125,safe,z3
REG_v3,25,0.005244016647338867,safe,cvc5
REG_v3,26,0.04149508476257324,safe,Theano_DC
REG_v3,26,0.0417180061340332,safe,Theano_SC
REG_v3,26,0.011073112487792969,safe,z3
REG_v3,26,0.0050618648529052734,safe,cvc5
REG_v3,27,0.041561126708984375,safe,Theano_DC
REG_v3,27,0.041581153869628906,safe,Theano_SC
REG_v3,27,0.01123499870300293,safe,z3
REG_v3,27,0.005335092544555664,safe,cvc5
REG_v3,28,0.04131197929382324,safe,Theano_DC
REG_v3,28,0.04170584678649902,safe,Theano_SC
REG_v3,28,0.01093602180480957,safe,z3
REG_v3,28,0.005151987075805664,safe,cvc5
REG_v3,29,0.041741132736206055,safe,Theano_DC
REG_v3,29,0.04228997230529785,safe,Theano_SC
REG_v3,29,0.011307001113891602,safe,z3
REG_v3,29,0.0051310062408447266,safe,cvc5
REG_v3,30,0.04201102256774902,safe,Theano_DC
REG_v3,30,0.04202008247375488,safe,Theano_SC
REG_v3,30,0.011584043502807617,safe,z3
REG_v3,30,0.00522303581237793,safe,cvc5
REG_v3,31,0.041867971420288086,safe,Theano_DC
REG_v3,31,0.041867971420288086,safe,Theano_SC
REG_v3,31,0.01121211051940918,safe,z3
REG_v3,31,0.005172014236450195,safe,cvc5
REG_v3,32,0.04139399528503418,safe,Theano_DC
REG_v3,32,0.042150020599365234,safe,Theano_SC
REG_v3,32,0.01134800910949707,safe,z3
REG_v3,32,0.0050809383392333984,safe,cvc5
REG_v3,33,0.0412600040435791,safe,Theano_DC
REG_v3,33,0.042555809020996094,safe,Theano_SC
REG_v3,33,0.011171102523803711,safe,z3
REG_v3,33,0.005117177963256836,safe,cvc5
REG_v3,34,0.04182600975036621,safe,Theano_DC
REG_v3,34,0.04256701469421387,safe,Theano_SC
REG_v3,34,0.011326074600219727,safe,z3
REG_v3,34,0.004871845245361328,safe,cvc5
REG_v3,35,0.041970014572143555,safe,Theano_DC
REG_v3,35,0.042272090911865234,safe,Theano_SC
REG_v3,35,0.011194944381713867,safe,z3
REG_v3,35,0.005234956741333008,safe,cvc5
REG_v3,36,0.041847944259643555,safe,Theano_DC
REG_v3,36,0.042253971099853516,safe,Theano_SC
REG_v3,36,0.011037826538085938,safe,z3
REG_v3,36,0.005171060562133789,safe,cvc5
REG_v3,37,0.04185199737548828,safe,Theano_DC
REG_v3,37,0.04200482368469238,safe,Theano_SC
REG_v3,37,0.011401891708374023,safe,z3
REG_v3,37,0.005109071731567383,safe,cvc5
REG_v3,38,0.04153013229370117,safe,Theano_DC
REG_v3,38,0.042387962341308594,safe,Theano_SC
REG_v3,38,0.011451005935668945,safe,z3
REG_v3,38,0.005264997482299805,safe,cvc5
REG_v3,39,0.042762041091918945,safe,Theano_DC
REG_v3,39,0.042018890380859375,safe,Theano_SC
REG_v3,39,0.011260032653808594,safe,z3
REG_v3,39,0.005371809005737305,safe,cvc5
REG_v3,40,0.04186391830444336,safe,Theano_DC
REG_v3,40,0.04207110404968262,safe,Theano_SC
REG_v3,40,0.011403083801269531,safe,z3
REG_v3,40,0.0051958560943603516,safe,cvc5
REG_v3,41,0.04225897789001465,safe,Theano_DC
REG_v3,41,0.042257070541381836,safe,Theano_SC
REG_v3,41,0.011214971542358398,safe,z3
REG_v3,41,0.005026102066040039,safe,cvc5
REG_v3,42,0.04190492630004883,safe,Theano_DC
REG_v3,42,0.04240298271179199,safe,Theano_SC
REG_v3,42,0.011102914810180664,safe,z3
REG_v3,42,0.005146980285644531,safe,cvc5
REG_v3,43,0.042027950286865234,safe,Theano_DC
REG_v3,43,0.04191899299621582,safe,Theano_SC
REG_v3,43,0.011512041091918945,safe,z3
REG_v3,43,0.005045175552368164,safe,cvc5
REG_v3,44,0.04199981689453125,safe,Theano_DC
REG_v3,44,0.04227399826049805,safe,Theano_SC
REG_v3,44,0.011332988739013672,safe,z3
REG_v3,44,0.005194902420043945,safe,cvc5
REG_v3,45,0.042662858963012695,safe,Theano_DC
REG_v3,45,0.04188203811645508,safe,Theano_SC
REG_v3,45,0.011343002319335938,safe,z3
REG_v3,45,0.005239963531494141,safe,cvc5
REG_v3,46,0.042057037353515625,safe,Theano_DC
REG_v3,46,0.0421750545501709,safe,Theano_SC
REG_v3,46,0.011561155319213867,safe,z3
REG_v3,46,0.00532984733581543,safe,cvc5
REG_v3,47,0.041810035705566406,safe,Theano_DC
REG_v3,47,0.04207301139831543,safe,Theano_SC
REG_v3,47,0.011337995529174805,safe,z3
REG_v3,47,0.0051038265228271484,safe,cvc5
REG_v3,48,0.04153704643249512,safe,Theano_DC
REG_v3,48,0.04202580451965332,safe,Theano_SC
REG_v3,48,0.011188030242919922,safe,z3
REG_v3,48,0.005544900894165039,safe,cvc5
REG_v3,49,0.0427401065826416,safe,Theano_DC
REG_v3,49,0.041844844818115234,safe,Theano_SC
REG_v3,49,0.011070013046264648,safe,z3
REG_v3,49,0.005262136459350586,safe,cvc5
REG_v3,50,0.0417330265045166,safe,Theano_DC
REG_v3,50,0.04247593879699707,safe,Theano_SC
REG_v3,50,0.01142120361328125,safe,z3
REG_v3,50,0.00515294075012207,safe,cvc5
NLG_v3,1,0.04560708999633789,safe,Theano_DC
NLG_v3,1,0.0433499813079834,safe,Theano_SC
NLG_v3,1,0.013202905654907227,safe,z3
NLG_v3,1,0.005650997161865234,safe,cvc5
NLG_v3,2,0.04365801811218262,safe,Theano_DC
NLG_v3,2,0.043586015701293945,safe,Theano_SC
NLG_v3,2,0.011514902114868164,safe,z3
NLG_v3,2,0.005563974380493164,safe,cvc5
NLG_v3,3,0.04391288757324219,safe,Theano_DC
NLG_v3,3,0.04432201385498047,safe,Theano_SC
NLG_v3,3,0.011210918426513672,safe,z3
NLG_v3,3,0.006009817123413086,safe,cvc5
NLG_v3,4,0.043831825256347656,safe,Theano_DC
NLG_v3,4,0.04387402534484863,safe,Theano_SC
NLG_v3,4,0.011490106582641602,safe,z3
NLG_v3,4,0.0059969425201416016,safe,cvc5
NLG_v3,5,0.04357790946960449,safe,Theano_DC
NLG_v3,5,0.04349517822265625,safe,Theano_SC
NLG_v3,5,0.011422872543334961,safe,z3
NLG_v3,5,0.00551605224609375,safe,cvc5
NLG_v3,6,0.04319286346435547,safe,Theano_DC
NLG_v3,6,0.045175790786743164,safe,Theano_SC
NLG_v3,6,0.011913061141967773,safe,z3
NLG_v3,6,0.0058629512786865234,safe,cvc5
NLG_v3,7,0.043699026107788086,safe,Theano_DC
NLG_v3,7,0.04332685470581055,safe,Theano_SC
NLG_v3,7,0.011425971984863281,safe,z3
NLG_v3,7,0.0055179595947265625,safe,cvc5
NLG_v3,8,0.045378923416137695,safe,Theano_DC
NLG_v3,8,0.0459139347076416,safe,Theano_SC
NLG_v3,8,0.011759042739868164,safe,z3
NLG_v3,8,0.0059452056884765625,safe,cvc5
NLG_v3,9,0.04460787773132324,safe,Theano_DC
NLG_v3,9,0.044255971908569336,safe,Theano_SC
NLG_v3,9,0.011523962020874023,safe,z3
NLG_v3,9,0.005712032318115234,safe,cvc5
NLG_v3,10,0.04475593566894531,safe,Theano_DC
NLG_v3,10,0.04436492919921875,safe,Theano_SC
NLG_v3,10,0.011549949645996094,safe,z3
NLG_v3,10,0.005923032760620117,safe,cvc5
NLG_v3,11,0.04329109191894531,safe,Theano_DC
NLG_v3,11,0.0435938835144043,safe,Theano_SC
NLG_v3,11,0.011414051055908203,safe,z3
NLG_v3,11,0.00568389892578125,safe,cvc5
NLG_v3,12,0.04440498352050781,safe,Theano_DC
NLG_v3,12,0.04453301429748535,safe,Theano_SC
NLG_v3,12,0.011792898178100586,safe,z3
NLG_v3,12,0.005934000015258789,safe,cvc5
NLG_v3,13,0.04999399185180664,safe,Theano_DC
NLG_v3,13,0.048074960708618164,safe,Theano_SC
NLG_v3,13,0.012408971786499023,safe,z3
NLG_v3,13,0.00616908073425293,safe,cvc5
NLG_v3,14,0.04727792739868164,safe,Theano_DC
NLG_v3,14,0.045542001724243164,safe,Theano_SC
NLG_v3,14,0.011581897735595703,safe,z3
NLG_v3,14,0.006167173385620117,safe,cvc5
NLG_v3,15,0.048753976821899414,safe,Theano_DC
NLG_v3,15,0.06511211395263672,safe,Theano_SC
NLG_v3,15,0.012387990951538086,safe,z3
NLG_v3,15,0.006183147430419922,safe,cvc5
NLG_v3,16,0.0477290153503418,safe,Theano_DC
NLG_v3,16,0.04897499084472656,safe,Theano_SC
NLG_v3,16,0.011337041854858398,safe,z3
NLG_v3,16,0.006045818328857422,safe,cvc5
NLG_v3,17,0.04611492156982422,safe,Theano_DC
NLG_v3,17,0.04922795295715332,safe,Theano_SC
NLG_v3,17,0.012183904647827148,safe,z3
NLG_v3,17,0.006308078765869141,safe,cvc5
NLG_v3,18,0.048317909240722656,safe,Theano_DC
NLG_v3,18,0.04896998405456543,safe,Theano_SC
NLG_v3,18,0.012215852737426758,safe,z3
NLG_v3,18,0.006294965744018555,safe,cvc5
NLG_v3,19,0.04849386215209961,safe,Theano_DC
NLG_v3,19,0.04755401611328125,safe,Theano_SC
NLG_v3,19,0.011621952056884766,safe,z3
NLG_v3,19,0.005894899368286133,safe,cvc5
NLG_v3,20,0.04404401779174805,safe,Theano_DC
NLG_v3,20,0.047274112701416016,safe,Theano_SC
NLG_v3,20,0.011993885040283203,safe,z3
NLG_v3,20,0.006242990493774414,safe,cvc5
NLG_v3,21,0.04738616943359375,safe,Theano_DC
NLG_v3,21,0.0456390380859375,safe,Theano_SC
NLG_v3,21,0.01156306266784668,safe,z3
NLG_v3,21,0.0055751800537109375,safe,cvc5
NLG_v3,22,0.04468512535095215,safe,Theano_DC
NLG_v3,22,0.04595184326171875,safe,Theano_SC
NLG_v3,22,0.011937141418457031,safe,z3
NLG_v3,22,0.005917072296142578,safe,cvc5
NLG_v3,23,0.04826188087463379,safe,Theano_DC
NLG_v3,23,0.04759407043457031,safe,Theano_SC
NLG_v3,23,0.011647939682006836,safe,z3
NLG_v3,23,0.006044149398803711,safe,cvc5
NLG_v3,24,0.04394078254699707,safe,Theano_DC
NLG_v3,24,0.04380011558532715,safe,Theano_SC
NLG_v3,24,0.011613845825195312,safe,z3
NLG_v3,24,0.005787849426269531,safe,cvc5
NLG_v3,25,0.048593997955322266,safe,Theano_DC
NLG_v3,25,0.049079179763793945,safe,Theano_SC
NLG_v3,25,0.012870073318481445,safe,z3
NLG_v3,25,0.006205081939697266,safe,cvc5
NLG_v3,26,0.048407793045043945,safe,Theano_DC
NLG_v3,26,0.04897189140319824,safe,Theano_SC
NLG_v3,26,0.012655019760131836,safe,z3
NLG_v3,26,0.0060961246490478516,safe,cvc5
NLG_v3,27,0.04954099655151367,safe,Theano_DC
NLG_v3,27,0.04632687568664551,safe,Theano_SC
NLG_v3,27,0.012305974960327148,safe,z3
NLG_v3,27,0.006103038787841797,safe,cvc5
NLG_v3,28,0.04896378517150879,safe,Theano_DC
NLG_v3,28,0.04852700233459473,safe,Theano_SC
NLG_v3,28,0.012634992599487305,safe,z3
NLG_v3,28,0.006115913391113281,safe,cvc5
NLG_v3,29,0.04631495475769043,safe,Theano_DC
NLG_v3,29,0.044777870178222656,safe,Theano_SC
NLG_v3,29,0.01152181625366211,safe,z3
NLG_v3,29,0.006075143814086914,safe,cvc5
NLG_v3,30,0.04792523384094238,safe,Theano_DC
NLG_v3,30,0.0470430850982666,safe,Theano_SC
NLG_v3,30,0.011861085891723633,safe,z3
NLG_v3,30,0.005572080612182617,safe,cvc5
NLG_v3,31,0.04840517044067383,safe,Theano_DC
NLG_v3,31,0.04724621772766113,safe,Theano_SC
NLG_v3,31,0.01178598403930664,safe,z3
NLG_v3,31,0.006058216094970703,safe,cvc5
NLG_v3,32,0.06215500831604004,safe,Theano_DC
NLG_v3,32,0.047399044036865234,safe,Theano_SC
NLG_v3,32,0.01214909553527832,safe,z3
NLG_v3,32,0.006268024444580078,safe,cvc5
NLG_v3,33,0.04389691352844238,safe,Theano_DC
NLG_v3,33,0.04413294792175293,safe,Theano_SC
NLG_v3,33,0.011770009994506836,safe,z3
NLG_v3,33,0.006234884262084961,safe,cvc5
NLG_v3,34,0.04865312576293945,safe,Theano_DC
NLG_v3,34,0.04849410057067871,safe,Theano_SC
NLG_v3,34,0.012104034423828125,safe,z3
NLG_v3,34,0.006201982498168945,safe,cvc5
NLG_v3,35,0.048364877700805664,safe,Theano_DC
NLG_v3,35,0.04695606231689453,safe,Theano_SC
NLG_v3,35,0.011811017990112305,safe,z3
NLG_v3,35,0.006031036376953125,safe,cvc5
NLG_v3,36,0.0446929931640625,safe,Theano_DC
NLG_v3,36,0.044039011001586914,safe,Theano_SC
NLG_v3,36,0.011610984802246094,safe,z3
NLG_v3,36,0.005789995193481445,safe,cvc5
NLG_v3,37,0.045185089111328125,safe,Theano_DC
NLG_v3,37,0.04473114013671875,safe,Theano_SC
NLG_v3,37,0.011210918426513672,safe,z3
NLG_v3,37,0.005927085876464844,safe,cvc5
NLG_v3,38,0.044641971588134766,safe,Theano_DC
NLG_v3,38,0.04438614845275879,safe,Theano_SC
NLG_v3,38,0.011596918106079102,safe,z3
NLG_v3,38,0.006136894226074219,safe,cvc5
NLG_v3,39,0.04834294319152832,safe,Theano_DC
NLG_v3,39,0.0481569766998291,safe,Theano_SC
NLG_v3,39,0.012378931045532227,safe,z3
NLG_v3,39,0.005948066711425781,safe,cvc5
NLG_v3,40,0.050991058349609375,safe,Theano_DC
NLG_v3,40,0.04668784141540527,safe,Theano_SC
NLG_v3,40,0.012449026107788086,safe,z3
NLG_v3,40,0.00622105598449707,safe,cvc5
NLG_v3,41,0.049675941467285156,safe,Theano_DC
NLG_v3,41,0.06577205657958984,safe,Theano_SC
NLG_v3,41,0.012670040130615234,safe,z3
NLG_v3,41,0.005897998809814453,safe,cvc5
NLG_v3,42,0.04906201362609863,safe,Theano_DC
NLG_v3,42,0.046408891677856445,safe,Theano_SC
NLG_v3,42,0.011654853820800781,safe,z3
NLG_v3,42,0.0056841373443603516,safe,cvc5
NLG_v3,43,0.04791688919067383,safe,Theano_DC
NLG_v3,43,0.04784202575683594,safe,Theano_SC
NLG_v3,43,0.011723995208740234,safe,z3
NLG_v3,43,0.005920886993408203,safe,cvc5
NLG_v3,44,0.048209190368652344,safe,Theano_DC
NLG_v3,44,0.04711508750915527,safe,Theano_SC
NLG_v3,44,0.012040138244628906,safe,z3
NLG_v3,44,0.005918025970458984,safe,cvc5
NLG_v3,45,0.045770883560180664,safe,Theano_DC
NLG_v3,45,0.04429507255554199,safe,Theano_SC
NLG_v3,45,0.011436939239501953,safe,z3
NLG_v3,45,0.005715847015380859,safe,cvc5
NLG_v3,46,0.04848313331604004,safe,Theano_DC
NLG_v3,46,0.048979997634887695,safe,Theano_SC
NLG_v3,46,0.01267695426940918,safe,z3
NLG_v3,46,0.00604701042175293,safe,cvc5
NLG_v3,47,0.045606136322021484,safe,Theano_DC
NLG_v3,47,0.0469059944152832,safe,Theano_SC
NLG_v3,47,0.011609077453613281,safe,z3
NLG_v3,47,0.0056951045989990234,safe,cvc5
NLG_v3,48,0.04520583152770996,safe,Theano_DC
NLG_v3,48,0.04837799072265625,safe,Theano_SC
NLG_v3,48,0.012250900268554688,safe,z3
NLG_v3,48,0.006256818771362305,safe,cvc5
NLG_v3,49,0.04818320274353027,safe,Theano_DC
NLG_v3,49,0.04866981506347656,safe,Theano_SC
NLG_v3,49,0.012616157531738281,safe,z3
NLG_v3,49,0.005888938903808594,safe,cvc5
NLG_v3,50,0.04884910583496094,safe,Theano_DC
NLG_v3,50,0.06946206092834473,safe,Theano_SC
NLG_v3,50,0.012170076370239258,safe,z3
NLG_v3,50,0.006524085998535156,safe,cvc5
NN_v3,1,0.045549869537353516,safe,Theano_DC
NN_v3,1,0.04493212699890137,safe,Theano_SC
NN_v3,1,0.012867927551269531,safe,z3
NN_v3,1,0.006009101867675781,safe,cvc5
NN_v3,2,0.04442095756530762,safe,Theano_DC
NN_v3,2,0.042729854583740234,safe,Theano_SC
NN_v3,2,0.012093067169189453,safe,z3
NN_v3,2,0.005872011184692383,safe,cvc5
NN_v3,3,0.04244494438171387,safe,Theano_DC
NN_v3,3,0.0425419807434082,safe,Theano_SC
NN_v3,3,0.011754989624023438,safe,z3
NN_v3,3,0.005176067352294922,safe,cvc5
NN_v3,4,0.04521298408508301,safe,Theano_DC
NN_v3,4,0.04461383819580078,safe,Theano_SC
NN_v3,4,0.011566162109375,safe,z3
NN_v3,4,0.005208015441894531,safe,cvc5
NN_v3,5,0.04201102256774902,safe,Theano_DC
NN_v3,5,0.04247689247131348,safe,Theano_SC
NN_v3,5,0.01143193244934082,safe,z3
NN_v3,5,0.005656003952026367,safe,cvc5
NN_v3,6,0.04698300361633301,safe,Theano_DC
NN_v3,6,0.044703006744384766,safe,Theano_SC
NN_v3,6,0.011155128479003906,safe,z3
NN_v3,6,0.004947185516357422,safe,cvc5
NN_v3,7,0.04271697998046875,safe,Theano_DC
NN_v3,7,0.04252815246582031,safe,Theano_SC
NN_v3,7,0.010905027389526367,safe,z3
NN_v3,7,0.005201816558837891,safe,cvc5
NN_v3,8,0.04678201675415039,safe,Theano_DC
NN_v3,8,0.04728817939758301,safe,Theano_SC
NN_v3,8,0.012129068374633789,safe,z3
NN_v3,8,0.005411863327026367,safe,cvc5
NN_v3,9,0.04571890830993652,safe,Theano_DC
NN_v3,9,0.06103110313415527,safe,Theano_SC
NN_v3,9,0.011439085006713867,safe,z3
NN_v3,9,0.005548954010009766,safe,cvc5
NN_v3,10,0.04616093635559082,safe,Theano_DC
NN_v3,10,0.0480189323425293,safe,Theano_SC
NN_v3,10,0.011812925338745117,safe,z3
NN_v3,10,0.0057408809661865234,safe,cvc5
NN_v3,11,0.0464320182800293,safe,Theano_DC
NN_v3,11,0.04514789581298828,safe,Theano_SC
NN_v3,11,0.012017965316772461,safe,z3
NN_v3,11,0.005849123001098633,safe,cvc5
NN_v3,12,0.0463252067565918,safe,Theano_DC
NN_v3,12,0.0463099479675293,safe,Theano_SC
NN_v3,12,0.011526823043823242,safe,z3
NN_v3,12,0.005464076995849609,safe,cvc5
NN_v3,13,0.04485201835632324,safe,Theano_DC
NN_v3,13,0.044309139251708984,safe,Theano_SC
NN_v3,13,0.011250019073486328,safe,z3
NN_v3,13,0.005129098892211914,safe,cvc5
NN_v3,14,0.045291900634765625,safe,Theano_DC
NN_v3,14,0.04528617858886719,safe,Theano_SC
NN_v3,14,0.011205911636352539,safe,z3
NN_v3,14,0.005194187164306641,safe,cvc5
NN_v3,15,0.04131197929382324,safe,Theano_DC
NN_v3,15,0.04324817657470703,safe,Theano_SC
NN_v3,15,0.011232852935791016,safe,z3
NN_v3,15,0.00491786003112793,safe,cvc5
NN_v3,16,0.0449981689453125,safe,Theano_DC
NN_v3,16,0.0446929931640625,safe,Theano_SC
NN_v3,16,0.011753082275390625,safe,z3
NN_v3,16,0.005198001861572266,safe,cvc5
NN_v3,17,0.04116487503051758,safe,Theano_DC
NN_v3,17,0.04155588150024414,safe,Theano_SC
NN_v3,17,0.011104106903076172,safe,z3
NN_v3,17,0.005053043365478516,safe,cvc5
NN_v3,18,0.04180002212524414,safe,Theano_DC
NN_v3,18,0.04204702377319336,safe,Theano_SC
NN_v3,18,0.011148929595947266,safe,z3
NN_v3,18,0.00492095947265625,safe,cvc5
NN_v3,19,0.04122281074523926,safe,Theano_DC
NN_v3,19,0.04194903373718262,safe,Theano_SC
NN_v3,19,0.011163949966430664,safe,z3
NN_v3,19,0.0049800872802734375,safe,cvc5
NN_v3,20,0.04655122756958008,safe,Theano_DC
NN_v3,20,0.045960187911987305,safe,Theano_SC
NN_v3,20,0.011809110641479492,safe,z3
NN_v3,20,0.005788087844848633,safe,cvc5
NN_v3,21,0.04250907897949219,safe,Theano_DC
NN_v3,21,0.04319500923156738,safe,Theano_SC
NN_v3,21,0.010935068130493164,safe,z3
NN_v3,21,0.005239009857177734,safe,cvc5
NN_v3,22,0.04317498207092285,safe,Theano_DC
NN_v3,22,0.045677900314331055,safe,Theano_SC
NN_v3,22,0.012000083923339844,safe,z3
NN_v3,22,0.005843162536621094,safe,cvc5
NN_v3,23,0.04363203048706055,safe,Theano_DC
NN_v3,23,0.042723894119262695,safe,Theano_SC
NN_v3,23,0.011389017105102539,safe,z3
NN_v3,23,0.005135059356689453,safe,cvc5
NN_v3,24,0.046343088150024414,safe,Theano_DC
NN_v3,24,0.04602503776550293,safe,Theano_SC
NN_v3,24,0.012447834014892578,safe,z3
NN_v3,24,0.0053598880767822266,safe,cvc5
NN_v3,25,0.04239511489868164,safe,Theano_DC
NN_v3,25,0.04211091995239258,safe,Theano_SC
NN_v3,25,0.010712146759033203,safe,z3
NN_v3,25,0.005113124847412109,safe,cvc5
NN_v3,26,0.04624295234680176,safe,Theano_DC
NN_v3,26,0.0464630126953125,safe,Theano_SC
NN_v3,26,0.012017011642456055,safe,z3
NN_v3,26,0.005463123321533203,safe,cvc5
NN_v3,27,0.04586482048034668,safe,Theano_DC
NN_v3,27,0.045500993728637695,safe,Theano_SC
NN_v3,27,0.011121988296508789,safe,z3
NN_v3,27,0.0051059722900390625,safe,cvc5
NN_v3,28,0.04791593551635742,safe,Theano_DC
NN_v3,28,0.045649051666259766,safe,Theano_SC
NN_v3,28,0.01152801513671875,safe,z3
NN_v3,28,0.005697011947631836,safe,cvc5
NN_v3,29,0.0453488826751709,safe,Theano_DC
NN_v3,29,0.04615592956542969,safe,Theano_SC
NN_v3,29,0.01183009147644043,safe,z3
NN_v3,29,0.00574493408203125,safe,cvc5
NN_v3,30,0.04262113571166992,safe,Theano_DC
NN_v3,30,0.04533696174621582,safe,Theano_SC
NN_v3,30,0.011655807495117188,safe,z3
NN_v3,30,0.0055310726165771484,safe,cvc5
NN_v3,31,0.044651031494140625,safe,Theano_DC
NN_v3,31,0.04428911209106445,safe,Theano_SC
NN_v3,31,0.011834859848022461,safe,z3
NN_v3,31,0.005594968795776367,safe,cvc5
NN_v3,32,0.045068979263305664,safe,Theano_DC
NN_v3,32,0.04552197456359863,safe,Theano_SC
NN_v3,32,0.011833906173706055,safe,z3
NN_v3,32,0.005563974380493164,safe,cvc5
NN_v3,33,0.046170949935913086,safe,Theano_DC
NN_v3,33,0.04717397689819336,safe,Theano_SC
NN_v3,33,0.011750936508178711,safe,z3
NN_v3,33,0.005811929702758789,safe,cvc5
NN_v3,34,0.04701590538024902,safe,Theano_DC
NN_v3,34,0.04650115966796875,safe,Theano_SC
NN_v3,34,0.011947154998779297,safe,z3
NN_v3,34,0.005294084548950195,safe,cvc5
NN_v3,35,0.04422712326049805,safe,Theano_DC
NN_v3,35,0.04465508460998535,safe,Theano_SC
NN_v3,35,0.01188802719116211,safe,z3
NN_v3,35,0.0061550140380859375,safe,cvc5
NN_v3,36,0.04344892501831055,safe,Theano_DC
NN_v3,36,0.0432281494140625,safe,Theano_SC
NN_v3,36,0.011395931243896484,safe,z3
NN_v3,36,0.005193948745727539,safe,cvc5
NN_v3,37,0.04662299156188965,safe,Theano_DC
NN_v3,37,0.04641914367675781,safe,Theano_SC
NN_v3,37,0.011790990829467773,safe,z3
NN_v3,37,0.005630970001220703,safe,cvc5
NN_v3,38,0.046135902404785156,safe,Theano_DC
NN_v3,38,0.04339098930358887,safe,Theano_SC
NN_v3,38,0.011438846588134766,safe,z3
NN_v3,38,0.0055201053619384766,safe,cvc5
NN_v3,39,0.04675006866455078,safe,Theano_DC
NN_v3,39,0.04564380645751953,safe,Theano_SC
NN_v3,39,0.012026071548461914,safe,z3
NN_v3,39,0.005484104156494141,safe,cvc5
NN_v3,40,0.04685187339782715,safe,Theano_DC
NN_v3,40,0.0464940071105957,safe,Theano_SC
NN_v3,40,0.011533021926879883,safe,z3
NN_v3,40,0.005713939666748047,safe,cvc5
NN_v3,41,0.04621410369873047,safe,Theano_DC
NN_v3,41,0.04563117027282715,safe,Theano_SC
NN_v3,41,0.011610031127929688,safe,z3
NN_v3,41,0.005489826202392578,safe,cvc5
NN_v3,42,0.04486203193664551,safe,Theano_DC
NN_v3,42,0.043396949768066406,safe,Theano_SC
NN_v3,42,0.011148214340209961,safe,z3
NN_v3,42,0.005237102508544922,safe,cvc5
NN_v3,43,0.04235982894897461,safe,Theano_DC
NN_v3,43,0.0417180061340332,safe,Theano_SC
NN_v3,43,0.010806083679199219,safe,z3
NN_v3,43,0.0051920413970947266,safe,cvc5
NN_v3,44,0.04242205619812012,safe,Theano_DC
NN_v3,44,0.042150020599365234,safe,Theano_SC
NN_v3,44,0.011246204376220703,safe,z3
NN_v3,44,0.0050258636474609375,safe,cvc5
NN_v3,45,0.042266130447387695,safe,Theano_DC
NN_v3,45,0.04196500778198242,safe,Theano_SC
NN_v3,45,0.011487007141113281,safe,z3
NN_v3,45,0.004917144775390625,safe,cvc5
NN_v3,46,0.04207897186279297,safe,Theano_DC
NN_v3,46,0.04181098937988281,safe,Theano_SC
NN_v3,46,0.011245012283325195,safe,z3
NN_v3,46,0.0051419734954833984,safe,cvc5
NN_v3,47,0.041661977767944336,safe,Theano_DC
NN_v3,47,0.04182910919189453,safe,Theano_SC
NN_v3,47,0.011430978775024414,safe,z3
NN_v3,47,0.00498509407043457,safe,cvc5
NN_v3,48,0.04184699058532715,safe,Theano_DC
NN_v3,48,0.04204893112182617,safe,Theano_SC
NN_v3,48,0.011197090148925781,safe,z3
NN_v3,48,0.004961967468261719,safe,cvc5
NN_v3,49,0.04187893867492676,safe,Theano_DC
NN_v3,49,0.0417330265045166,safe,Theano_SC
NN_v3,49,0.011070013046264648,safe,z3
NN_v3,49,0.005219936370849609,safe,cvc5
NN_v3,50,0.04248809814453125,safe,Theano_DC
NN_v3,50,0.04271197319030762,safe,Theano_SC
NN_v3,50,0.011605024337768555,safe,z3
NN_v3,50,0.005505084991455078,safe,cvc5
EB_v3,1,0.05085396766662598,safe,Theano_DC
EB_v3,1,0.04976391792297363,safe,Theano_SC
EB_v3,1,0.012150049209594727,safe,z3
EB_v3,1,0.0063190460205078125,safe,cvc5
EB_v3,2,0.05025291442871094,safe,Theano_DC
EB_v3,2,0.049777984619140625,safe,Theano_SC
EB_v3,2,0.012358903884887695,safe,z3
EB_v3,2,0.006306171417236328,safe,cvc5
EB_v3,3,0.04953598976135254,safe,Theano_DC
EB_v3,3,0.05159306526184082,safe,Theano_SC
EB_v3,3,0.012253999710083008,safe,z3
EB_v3,3,0.0064241886138916016,safe,cvc5
EB_v3,4,0.04960894584655762,safe,Theano_DC
EB_v3,4,0.0497279167175293,safe,Theano_SC
EB_v3,4,0.012770891189575195,safe,z3
EB_v3,4,0.006428956985473633,safe,cvc5
EB_v3,5,0.05055999755859375,safe,Theano_DC
EB_v3,5,0.05016589164733887,safe,Theano_SC
EB_v3,5,0.012176990509033203,safe,z3
EB_v3,5,0.0064160823822021484,safe,cvc5
EB_v3,6,0.049481868743896484,safe,Theano_DC
EB_v3,6,0.04916810989379883,safe,Theano_SC
EB_v3,6,0.011779069900512695,safe,z3
EB_v3,6,0.006707906723022461,safe,cvc5
EB_v3,7,0.04935312271118164,safe,Theano_DC
EB_v3,7,0.04923295974731445,safe,Theano_SC
EB_v3,7,0.01246190071105957,safe,z3
EB_v3,7,0.006283998489379883,safe,cvc5
EB_v3,8,0.04941606521606445,safe,Theano_DC
EB_v3,8,0.05008888244628906,safe,Theano_SC
EB_v3,8,0.01216888427734375,safe,z3
EB_v3,8,0.006358146667480469,safe,cvc5
EB_v3,9,0.057806968688964844,safe,Theano_DC
EB_v3,9,0.04970812797546387,safe,Theano_SC
EB_v3,9,0.011996030807495117,safe,z3
EB_v3,9,0.006515026092529297,safe,cvc5
EB_v3,10,0.04944491386413574,safe,Theano_DC
EB_v3,10,0.049340009689331055,safe,Theano_SC
EB_v3,10,0.01211094856262207,safe,z3
EB_v3,10,0.006484031677246094,safe,cvc5
EB_v3,11,0.04908609390258789,safe,Theano_DC
EB_v3,11,0.04926013946533203,safe,Theano_SC
EB_v3,11,0.012170076370239258,safe,z3
EB_v3,11,0.006283998489379883,safe,cvc5
EB_v3,12,0.04915499687194824,safe,Theano_DC
EB_v3,12,0.0493159294128418,safe,Theano_SC
EB_v3,12,0.01207280158996582,safe,z3
EB_v3,12,0.006363868713378906,safe,cvc5
EB_v3,13,0.06927299499511719,safe,Theano_DC
EB_v3,13,0.05295586585998535,safe,Theano_SC
EB_v3,13,0.012547016143798828,safe,z3
EB_v3,13,0.006493091583251953,safe,cvc5
EB_v3,14,0.05034995079040527,safe,Theano_DC
EB_v3,14,0.05081605911254883,safe,Theano_SC
EB_v3,14,0.01231694221496582,safe,z3
EB_v3,14,0.006396055221557617,safe,cvc5
EB_v3,15,0.05099177360534668,safe,Theano_DC
EB_v3,15,0.04989910125732422,safe,Theano_SC
EB_v3,15,0.012012958526611328,safe,z3
EB_v3,15,0.0063629150390625,safe,cvc5
EB_v3,16,0.05036616325378418,safe,Theano_DC
EB_v3,16,0.05013585090637207,safe,Theano_SC
EB_v3,16,0.012288093566894531,safe,z3
EB_v3,16,0.006398200988769531,safe,cvc5
EB_v3,17,0.0496671199798584,safe,Theano_DC
EB_v3,17,0.05035400390625,safe,Theano_SC
EB_v3,17,0.012340784072875977,safe,z3
EB_v3,17,0.006387948989868164,safe,cvc5
EB_v3,18,0.19207406044006348,safe,Theano_DC
EB_v3,18,0.05648398399353027,safe,Theano_SC
EB_v3,18,0.01300811767578125,safe,z3
EB_v3,18,0.007143974304199219,safe,cvc5
EB_v3,19,0.050894975662231445,safe,Theano_DC
EB_v3,19,0.0513758659362793,safe,Theano_SC
EB_v3,19,0.012605905532836914,safe,z3
EB_v3,19,0.006943941116333008,safe,cvc5
EB_v3,20,0.04919719696044922,safe,Theano_DC
EB_v3,20,0.048918962478637695,safe,Theano_SC
EB_v3,20,0.01194310188293457,safe,z3
EB_v3,20,0.006267070770263672,safe,cvc5
EB_v3,21,0.053938865661621094,safe,Theano_DC
EB_v3,21,0.05289602279663086,safe,Theano_SC
EB_v3,21,0.01223897933959961,safe,z3
EB_v3,21,0.0066831111907958984,safe,cvc5
EB_v3,22,0.05306601524353027,safe,Theano_DC
EB_v3,22,0.05258488655090332,safe,Theano_SC
EB_v3,22,0.012566089630126953,safe,z3
EB_v3,22,0.006591081619262695,safe,cvc5
EB_v3,23,0.04909396171569824,safe,Theano_DC
EB_v3,23,0.048727989196777344,safe,Theano_SC
EB_v3,23,0.011687994003295898,safe,z3
EB_v3,23,0.006395101547241211,safe,cvc5
EB_v3,24,0.049597978591918945,safe,Theano_DC
EB_v3,24,0.04848480224609375,safe,Theano_SC
EB_v3,24,0.011583089828491211,safe,z3
EB_v3,24,0.006183147430419922,safe,cvc5
EB_v3,25,0.04902386665344238,safe,Theano_DC
EB_v3,25,0.04844999313354492,safe,Theano_SC
EB_v3,25,0.011774063110351562,safe,z3
EB_v3,25,0.006321907043457031,safe,cvc5
EB_v3,26,0.04897189140319824,safe,Theano_DC
EB_v3,26,0.04880690574645996,safe,Theano_SC
EB_v3,26,0.011773824691772461,safe,z3
EB_v3,26,0.006392955780029297,safe,cvc5
EB_v3,27,0.04898786544799805,safe,Theano_DC
EB_v3,27,0.04834389686584473,safe,Theano_SC
EB_v3,27,0.01187896728515625,safe,z3
EB_v3,27,0.006310939788818359,safe,cvc5
EB_v3,28,0.04914498329162598,safe,Theano_DC
EB_v3,28,0.048474788665771484,safe,Theano_SC
EB_v3,28,0.01168513298034668,safe,z3
EB_v3,28,0.006329059600830078,safe,cvc5
EB_v3,29,0.049508094787597656,safe,Theano_DC
EB_v3,29,0.04826807975769043,safe,Theano_SC
EB_v3,29,0.011683940887451172,safe,z3
EB_v3,29,0.006228923797607422,safe,cvc5
EB_v3,30,0.051011085510253906,safe,Theano_DC
EB_v3,30,0.04984307289123535,safe,Theano_SC
EB_v3,30,0.012036800384521484,safe,z3
EB_v3,30,0.006356954574584961,safe,cvc5
EB_v3,31,0.0509951114654541,safe,Theano_DC
EB_v3,31,0.04992318153381348,safe,Theano_SC
EB_v3,31,0.012562036514282227,safe,z3
EB_v3,31,0.006981849670410156,safe,cvc5
EB_v3,32,0.053468942642211914,safe,Theano_DC
EB_v3,32,0.052690982818603516,safe,Theano_SC
EB_v3,32,0.012246847152709961,safe,z3
EB_v3,32,0.006834983825683594,safe,cvc5
EB_v3,33,0.04979300498962402,safe,Theano_DC
EB_v3,33,0.04901409149169922,safe,Theano_SC
EB_v3,33,0.011687040328979492,safe,z3
EB_v3,33,0.006201982498168945,safe,cvc5
EB_v3,34,0.05047798156738281,safe,Theano_DC
EB_v3,34,0.04997706413269043,safe,Theano_SC
EB_v3,34,0.012056112289428711,safe,z3
EB_v3,34,0.006390094757080078,safe,cvc5
EB_v3,35,0.049729108810424805,safe,Theano_DC
EB_v3,35,0.0487368106842041,safe,Theano_SC
EB_v3,35,0.011564970016479492,safe,z3
EB_v3,35,0.006358146667480469,safe,cvc5
EB_v3,36,0.05201411247253418,safe,Theano_DC
EB_v3,36,0.049150943756103516,safe,Theano_SC
EB_v3,36,0.011749982833862305,safe,z3
EB_v3,36,0.006439924240112305,safe,cvc5
EB_v3,37,0.056722164154052734,safe,Theano_DC
EB_v3,37,0.05096006393432617,safe,Theano_SC
EB_v3,37,0.012806177139282227,safe,z3
EB_v3,37,0.006404876708984375,safe,cvc5
EB_v3,38,0.04846000671386719,safe,Theano_DC
EB_v3,38,0.04857993125915527,safe,Theano_SC
EB_v3,38,0.011678218841552734,safe,z3
EB_v3,38,0.006306886672973633,safe,cvc5
EB_v3,39,0.04884505271911621,safe,Theano_DC
EB_v3,39,0.04850912094116211,safe,Theano_SC
EB_v3,39,0.011800050735473633,safe,z3
EB_v3,39,0.006300926208496094,safe,cvc5
EB_v3,40,0.04924798011779785,safe,Theano_DC
EB_v3,40,0.04851508140563965,safe,Theano_SC
EB_v3,40,0.011718034744262695,safe,z3
EB_v3,40,0.0062329769134521484,safe,cvc5
EB_v3,41,0.053475141525268555,safe,Theano_DC
EB_v3,41,0.0516819953918457,safe,Theano_SC
EB_v3,41,0.011533975601196289,safe,z3
EB_v3,41,0.00640416145324707,safe,cvc5
EB_v3,42,0.05066204071044922,safe,Theano_DC
EB_v3,42,0.05018281936645508,safe,Theano_SC
EB_v3,42,0.011600971221923828,safe,z3
EB_v3,42,0.00634002685546875,safe,cvc5
EB_v3,43,0.04971003532409668,safe,Theano_DC
EB_v3,43,0.048684120178222656,safe,Theano_SC
EB_v3,43,0.011719942092895508,safe,z3
EB_v3,43,0.006303071975708008,safe,cvc5
EB_v3,44,0.04961204528808594,safe,Theano_DC
EB_v3,44,0.04898190498352051,safe,Theano_SC
EB_v3,44,0.011705875396728516,safe,z3
EB_v3,44,0.00625300407409668,safe,cvc5
EB_v3,45,0.049012184143066406,safe,Theano_DC
EB_v3,45,0.048700809478759766,safe,Theano_SC
EB_v3,45,0.01174306869506836,safe,z3
EB_v3,45,0.0064809322357177734,safe,cvc5
EB_v3,46,0.05065798759460449,safe,Theano_DC
EB_v3,46,0.04915189743041992,safe,Theano_SC
EB_v3,46,0.011665821075439453,safe,z3
EB_v3,46,0.006371974945068359,safe,cvc5
EB_v3,47,0.04969906806945801,safe,Theano_DC
EB_v3,47,0.048777103424072266,safe,Theano_SC
EB_v3,47,0.011689186096191406,safe,z3
EB_v3,47,0.0063970088958740234,safe,cvc5
EB_v3,48,0.04968690872192383,safe,Theano_DC
EB_v3,48,0.04910778999328613,safe,Theano_SC
EB_v3,48,0.011504888534545898,safe,z3
EB_v3,48,0.006361961364746094,safe,cvc5
EB_v3,49,0.049558162689208984,safe,Theano_DC
EB_v3,49,0.04891514778137207,safe,Theano_SC
EB_v3,49,0.011725187301635742,safe,z3
EB_v3,49,0.006319999694824219,safe,cvc5
EB_v3,50,0.049398183822631836,safe,Theano_DC
EB_v3,50,0.048426151275634766,safe,Theano_SC
EB_v3,50,0.011729001998901367,safe,z3
EB_v3,50,0.0063059329986572266,safe,cvc5
AP_v3,1,0.0431671142578125,safe,Theano_DC
AP_v3,1,0.0429379940032959,safe,Theano_SC
AP_v3,1,0.015478849411010742,safe,z3
AP_v3,1,0.005650043487548828,safe,cvc5
AP_v3,2,0.043740034103393555,safe,Theano_DC
AP_v3,2,0.04261493682861328,safe,Theano_SC
AP_v3,2,0.011403083801269531,safe,z3
AP_v3,2,0.0051479339599609375,safe,cvc5
AP_v3,3,0.04349803924560547,safe,Theano_DC
AP_v3,3,0.04280805587768555,safe,Theano_SC
AP_v3,3,0.01103520393371582,safe,z3
AP_v3,3,0.005385875701904297,safe,cvc5
AP_v3,4,0.04501008987426758,safe,Theano_DC
AP_v3,4,0.044113874435424805,safe,Theano_SC
AP_v3,4,0.011647939682006836,safe,z3
AP_v3,4,0.005399942398071289,safe,cvc5
AP_v3,5,0.043212175369262695,safe,Theano_DC
AP_v3,5,0.04252290725708008,safe,Theano_SC
AP_v3,5,0.010980844497680664,safe,z3
AP_v3,5,0.005425930023193359,safe,cvc5
AP_v3,6,0.06659197807312012,safe,Theano_DC
AP_v3,6,0.052587032318115234,safe,Theano_SC
AP_v3,6,0.011593103408813477,safe,z3
AP_v3,6,0.005468130111694336,safe,cvc5
AP_v3,7,0.04368305206298828,safe,Theano_DC
AP_v3,7,0.04284191131591797,safe,Theano_SC
AP_v3,7,0.010990142822265625,safe,z3
AP_v3,7,0.0053250789642333984,safe,cvc5
AP_v3,8,0.04726886749267578,safe,Theano_DC
AP_v3,8,0.04502511024475098,safe,Theano_SC
AP_v3,8,0.011485099792480469,safe,z3
AP_v3,8,0.005483150482177734,safe,cvc5
AP_v3,9,0.04379582405090332,safe,Theano_DC
AP_v3,9,0.043498992919921875,safe,Theano_SC
AP_v3,9,0.010982990264892578,safe,z3
AP_v3,9,0.005715131759643555,safe,cvc5
AP_v3,10,0.04941296577453613,safe,Theano_DC
AP_v3,10,0.04690718650817871,safe,Theano_SC
AP_v3,10,0.011389017105102539,safe,z3
AP_v3,10,0.005448102951049805,safe,cvc5
AP_v3,11,0.04359602928161621,safe,Theano_DC
AP_v3,11,0.046823978424072266,safe,Theano_SC
AP_v3,11,0.013393878936767578,safe,z3
AP_v3,11,0.0053119659423828125,safe,cvc5
AP_v3,12,0.04350090026855469,safe,Theano_DC
AP_v3,12,0.04408407211303711,safe,Theano_SC
AP_v3,12,0.011181116104125977,safe,z3
AP_v3,12,0.00541996955871582,safe,cvc5
AP_v3,13,0.04318499565124512,safe,Theano_DC
AP_v3,13,0.04294896125793457,safe,Theano_SC
AP_v3,13,0.010968923568725586,safe,z3
AP_v3,13,0.005444049835205078,safe,cvc5
AP_v3,14,0.04357314109802246,safe,Theano_DC
AP_v3,14,0.04302501678466797,safe,Theano_SC
AP_v3,14,0.011070013046264648,safe,z3
AP_v3,14,0.005334138870239258,safe,cvc5
AP_v3,15,0.04352283477783203,safe,Theano_DC
AP_v3,15,0.044270992279052734,safe,Theano_SC
AP_v3,15,0.011252164840698242,safe,z3
AP_v3,15,0.005371809005737305,safe,cvc5
AP_v3,16,0.043554067611694336,safe,Theano_DC
AP_v3,16,0.043786048889160156,safe,Theano_SC
AP_v3,16,0.010908842086791992,safe,z3
AP_v3,16,0.005402088165283203,safe,cvc5
AP_v3,17,0.046092987060546875,safe,Theano_DC
AP_v3,17,0.04407095909118652,safe,Theano_SC
AP_v3,17,0.010885000228881836,safe,z3
AP_v3,17,0.005326032638549805,safe,cvc5
AP_v3,18,0.043073177337646484,safe,Theano_DC
AP_v3,18,0.043656110763549805,safe,Theano_SC
AP_v3,18,0.01092219352722168,safe,z3
AP_v3,18,0.005342960357666016,safe,cvc5
AP_v3,19,0.04313087463378906,safe,Theano_DC
AP_v3,19,0.042459964752197266,safe,Theano_SC
AP_v3,19,0.01125192642211914,safe,z3
AP_v3,19,0.005346059799194336,safe,cvc5
AP_v3,20,0.04355907440185547,safe,Theano_DC
AP_v3,20,0.04262495040893555,safe,Theano_SC
AP_v3,20,0.011000871658325195,safe,z3
AP_v3,20,0.005331993103027344,safe,cvc5
AP_v3,21,0.04294991493225098,safe,Theano_DC
AP_v3,21,0.04223203659057617,safe,Theano_SC
AP_v3,21,0.011872053146362305,safe,z3
AP_v3,21,0.0054781436920166016,safe,cvc5
AP_v3,22,0.04370689392089844,safe,Theano_DC
AP_v3,22,0.04297208786010742,safe,Theano_SC
AP_v3,22,0.010940074920654297,safe,z3
AP_v3,22,0.0052340030670166016,safe,cvc5
AP_v3,23,0.046514034271240234,safe,Theano_DC
AP_v3,23,0.045352935791015625,safe,Theano_SC
AP_v3,23,0.012351036071777344,safe,z3
AP_v3,23,0.005775928497314453,safe,cvc5
AP_v3,24,0.04412388801574707,safe,Theano_DC
AP_v3,24,0.04332685470581055,safe,Theano_SC
AP_v3,24,0.011191129684448242,safe,z3
AP_v3,24,0.007205009460449219,safe,cvc5
AP_v3,25,0.043994903564453125,safe,Theano_DC
AP_v3,25,0.0436558723449707,safe,Theano_SC
AP_v3,25,0.011367082595825195,safe,z3
AP_v3,25,0.005096912384033203,safe,cvc5
AP_v3,26,0.04391193389892578,safe,Theano_DC
AP_v3,26,0.04328584671020508,safe,Theano_SC
AP_v3,26,0.011043071746826172,safe,z3
AP_v3,26,0.005365848541259766,safe,cvc5
AP_v3,27,0.13036894798278809,safe,Theano_DC
AP_v3,27,0.05037212371826172,safe,Theano_SC
AP_v3,27,0.01234292984008789,safe,z3
AP_v3,27,0.005681037902832031,safe,cvc5
AP_v3,28,0.05126500129699707,safe,Theano_DC
AP_v3,28,0.0481419563293457,safe,Theano_SC
AP_v3,28,0.012849807739257812,safe,z3
AP_v3,28,0.005599021911621094,safe,cvc5
AP_v3,29,0.052414894104003906,safe,Theano_DC
AP_v3,29,0.053338050842285156,safe,Theano_SC
AP_v3,29,0.017688989639282227,safe,z3
AP_v3,29,0.006721973419189453,safe,cvc5
AP_v3,30,0.04975700378417969,safe,Theano_DC
AP_v3,30,0.0783998966217041,safe,Theano_SC
AP_v3,30,0.014076948165893555,safe,z3
AP_v3,30,0.007473945617675781,safe,cvc5
AP_v3,31,0.04640388488769531,safe,Theano_DC
AP_v3,31,0.050063133239746094,safe,Theano_SC
AP_v3,31,0.013599872589111328,safe,z3
AP_v3,31,0.005764961242675781,safe,cvc5
AP_v3,32,0.045439958572387695,safe,Theano_DC
AP_v3,32,0.04728293418884277,safe,Theano_SC
AP_v3,32,0.012111902236938477,safe,z3
AP_v3,32,0.005536079406738281,safe,cvc5
AP_v3,33,0.044950008392333984,safe,Theano_DC
AP_v3,33,0.0451359748840332,safe,Theano_SC
AP_v3,33,0.011697053909301758,safe,z3
AP_v3,33,0.005722999572753906,safe,cvc5
AP_v3,34,0.05229806900024414,safe,Theano_DC
AP_v3,34,0.04353594779968262,safe,Theano_SC
AP_v3,34,0.011096000671386719,safe,z3
AP_v3,34,0.005288124084472656,safe,cvc5
AP_v3,35,0.0439457893371582,safe,Theano_DC
AP_v3,35,0.04503202438354492,safe,Theano_SC
AP_v3,35,0.023276805877685547,safe,z3
AP_v3,35,0.007542133331298828,safe,cvc5
AP_v3,36,0.06389307975769043,safe,Theano_DC
AP_v3,36,0.07404184341430664,safe,Theano_SC
AP_v3,36,0.02077007293701172,safe,z3
AP_v3,36,0.014542102813720703,safe,cvc5
AP_v3,37,0.06037592887878418,safe,Theano_DC
AP_v3,37,0.05594205856323242,safe,Theano_SC
AP_v3,37,0.019248008728027344,safe,z3
AP_v3,37,0.009897947311401367,safe,cvc5
AP_v3,38,0.05838608741760254,safe,Theano_DC
AP_v3,38,0.047801971435546875,safe,Theano_SC
AP_v3,38,0.012906074523925781,safe,z3
AP_v3,38,0.006371021270751953,safe,cvc5
AP_v3,39,0.04754996299743652,safe,Theano_DC
AP_v3,39,0.04591703414916992,safe,Theano_SC
AP_v3,39,0.01176905632019043,safe,z3
AP_v3,39,0.00580286979675293,safe,cvc5
AP_v3,40,0.04801797866821289,safe,Theano_DC
AP_v3,40,0.048625946044921875,safe,Theano_SC
AP_v3,40,0.012002944946289062,safe,z3
AP_v3,40,0.0060482025146484375,safe,cvc5
AP_v3,41,0.06812191009521484,safe,Theano_DC
AP_v3,41,0.04671192169189453,safe,Theano_SC
AP_v3,41,0.012079000473022461,safe,z3
AP_v3,41,0.0055980682373046875,safe,cvc5
AP_v3,42,0.046298980712890625,safe,Theano_DC
AP_v3,42,0.043637990951538086,safe,Theano_SC
AP_v3,42,0.011088848114013672,safe,z3
AP_v3,42,0.005242824554443359,safe,cvc5
AP_v3,43,0.043257951736450195,safe,Theano_DC
AP_v3,43,0.042849063873291016,safe,Theano_SC
AP_v3,43,0.011255025863647461,safe,z3
AP_v3,43,0.005672931671142578,safe,cvc5
AP_v3,44,0.04485893249511719,safe,Theano_DC
AP_v3,44,0.04330015182495117,safe,Theano_SC
AP_v3,44,0.011041879653930664,safe,z3
AP_v3,44,0.005164146423339844,safe,cvc5
AP_v3,45,0.04436302185058594,safe,Theano_DC
AP_v3,45,0.04356098175048828,safe,Theano_SC
AP_v3,45,0.011029958724975586,safe,z3
AP_v3,45,0.0053081512451171875,safe,cvc5
AP_v3,46,0.043723106384277344,safe,Theano_DC
AP_v3,46,0.043531179428100586,safe,Theano_SC
AP_v3,46,0.011034011840820312,safe,z3
AP_v3,46,0.005280971527099609,safe,cvc5
AP_v3,47,0.0456690788269043,safe,Theano_DC
AP_v3,47,0.04763388633728027,safe,Theano_SC
AP_v3,47,0.027119874954223633,safe,z3
AP_v3,47,0.005831003189086914,safe,cvc5
AP_v3,48,0.04330587387084961,safe,Theano_DC
AP_v3,48,0.04343914985656738,safe,Theano_SC
AP_v3,48,0.011279821395874023,safe,z3
AP_v3,48,0.00560307502746582,safe,cvc5
AP_v3,49,0.04302477836608887,safe,Theano_DC
AP_v3,49,0.04285001754760742,safe,Theano_SC
AP_v3,49,0.010764837265014648,safe,z3
AP_v3,49,0.005272865295410156,safe,cvc5
AP_v3,50,0.04514503479003906,safe,Theano_DC
AP_v3,50,0.043087005615234375,safe,Theano_SC
AP_v3,50,0.011070013046264648,safe,z3
AP_v3,50,0.0054209232330322266,safe,cvc5
SWIM_v3,1,0.05186915397644043,safe,Theano_DC
SWIM_v3,1,0.0436100959777832,safe,Theano_SC
SWIM_v3,1,0.013000965118408203,safe,z3
SWIM_v3,1,0.0070819854736328125,safe,cvc5
SWIM_v3,2,0.04280710220336914,safe,Theano_DC
SWIM_v3,2,0.042704105377197266,safe,Theano_SC
SWIM_v3,2,0.011065006256103516,safe,z3
SWIM_v3,2,0.005376100540161133,safe,cvc5
SWIM_v3,3,0.04283905029296875,safe,Theano_DC
SWIM_v3,3,0.04311800003051758,safe,Theano_SC
SWIM_v3,3,0.01114511489868164,safe,z3
SWIM_v3,3,0.00542902946472168,safe,cvc5
SWIM_v3,4,0.044035911560058594,safe,Theano_DC
SWIM_v3,4,0.04318809509277344,safe,Theano_SC
SWIM_v3,4,0.011712074279785156,safe,z3
SWIM_v3,4,0.005833148956298828,safe,cvc5
SWIM_v3,5,0.04427599906921387,safe,Theano_DC
SWIM_v3,5,0.04379987716674805,safe,Theano_SC
SWIM_v3,5,0.011452198028564453,safe,z3
SWIM_v3,5,0.0056569576263427734,safe,cvc5
SWIM_v3,6,0.04369521141052246,safe,Theano_DC
SWIM_v3,6,0.043222904205322266,safe,Theano_SC
SWIM_v3,6,0.011277914047241211,safe,z3
SWIM_v3,6,0.005430936813354492,safe,cvc5
SWIM_v3,7,0.04427218437194824,safe,Theano_DC
SWIM_v3,7,0.04375004768371582,safe,Theano_SC
SWIM_v3,7,0.011281967163085938,safe,z3
SWIM_v3,7,0.0053479671478271484,safe,cvc5
SWIM_v3,8,0.043752193450927734,safe,Theano_DC
SWIM_v3,8,0.042791128158569336,safe,Theano_SC
SWIM_v3,8,0.011317014694213867,safe,z3
SWIM_v3,8,0.005337953567504883,safe,cvc5
SWIM_v3,9,0.043916940689086914,safe,Theano_DC
SWIM_v3,9,0.04281210899353027,safe,Theano_SC
SWIM_v3,9,0.011184930801391602,safe,z3
SWIM_v3,9,0.0054340362548828125,safe,cvc5
SWIM_v3,10,0.04329395294189453,safe,Theano_DC
SWIM_v3,10,0.04249000549316406,safe,Theano_SC
SWIM_v3,10,0.01667189598083496,safe,z3
SWIM_v3,10,0.005555868148803711,safe,cvc5
SWIM_v3,11,0.04285287857055664,safe,Theano_DC
SWIM_v3,11,0.043540000915527344,safe,Theano_SC
SWIM_v3,11,0.011085987091064453,safe,z3
SWIM_v3,11,0.005712032318115234,safe,cvc5
SWIM_v3,12,0.04340195655822754,safe,Theano_DC
SWIM_v3,12,0.043125152587890625,safe,Theano_SC
SWIM_v3,12,0.011202096939086914,safe,z3
SWIM_v3,12,0.005346059799194336,safe,cvc5
SWIM_v3,13,0.04511690139770508,safe,Theano_DC
SWIM_v3,13,0.042144060134887695,safe,Theano_SC
SWIM_v3,13,0.011025190353393555,safe,z3
SWIM_v3,13,0.005351066589355469,safe,cvc5
SWIM_v3,14,0.05608487129211426,safe,Theano_DC
SWIM_v3,14,0.04685807228088379,safe,Theano_SC
SWIM_v3,14,0.011556863784790039,safe,z3
SWIM_v3,14,0.00533604621887207,safe,cvc5
SWIM_v3,15,0.04404401779174805,safe,Theano_DC
SWIM_v3,15,0.05358600616455078,safe,Theano_SC
SWIM_v3,15,0.01640605926513672,safe,z3
SWIM_v3,15,0.005751132965087891,safe,cvc5
SWIM_v3,16,0.044135093688964844,safe,Theano_DC
SWIM_v3,16,0.044011831283569336,safe,Theano_SC
SWIM_v3,16,0.013428926467895508,safe,z3
SWIM_v3,16,0.006348133087158203,safe,cvc5
SWIM_v3,17,0.045150041580200195,safe,Theano_DC
SWIM_v3,17,0.05243492126464844,safe,Theano_SC
SWIM_v3,17,0.012382030487060547,safe,z3
SWIM_v3,17,0.005638837814331055,safe,cvc5
SWIM_v3,18,0.04394793510437012,safe,Theano_DC
SWIM_v3,18,0.04760384559631348,safe,Theano_SC
SWIM_v3,18,0.011191844940185547,safe,z3
SWIM_v3,18,0.005529880523681641,safe,cvc5
SWIM_v3,19,0.044859886169433594,safe,Theano_DC
SWIM_v3,19,0.04387784004211426,safe,Theano_SC
SWIM_v3,19,0.011317014694213867,safe,z3
SWIM_v3,19,0.005273103713989258,safe,cvc5
SWIM_v3,20,0.04501795768737793,safe,Theano_DC
SWIM_v3,20,0.042922019958496094,safe,Theano_SC
SWIM_v3,20,0.01174306869506836,safe,z3
SWIM_v3,20,0.00545501708984375,safe,cvc5
SWIM_v3,21,0.04838418960571289,safe,Theano_DC
SWIM_v3,21,0.04630303382873535,safe,Theano_SC
SWIM_v3,21,0.011662960052490234,safe,z3
SWIM_v3,21,0.0059778690338134766,safe,cvc5
SWIM_v3,22,0.043771982192993164,safe,Theano_DC
SWIM_v3,22,0.0434420108795166,safe,Theano_SC
SWIM_v3,22,0.011336088180541992,safe,z3
SWIM_v3,22,0.005156040191650391,safe,cvc5
SWIM_v3,23,0.04276299476623535,safe,Theano_DC
SWIM_v3,23,0.043792009353637695,safe,Theano_SC
SWIM_v3,23,0.012989997863769531,safe,z3
SWIM_v3,23,0.005717039108276367,safe,cvc5
SWIM_v3,24,0.044036149978637695,safe,Theano_DC
SWIM_v3,24,0.04684782028198242,safe,Theano_SC
SWIM_v3,24,0.011780977249145508,safe,z3
SWIM_v3,24,0.006215095520019531,safe,cvc5
SWIM_v3,25,0.04477715492248535,safe,Theano_DC
SWIM_v3,25,0.043411970138549805,safe,Theano_SC
SWIM_v3,25,0.011886835098266602,safe,z3
SWIM_v3,25,0.005498170852661133,safe,cvc5
SWIM_v3,26,0.04421210289001465,safe,Theano_DC
SWIM_v3,26,0.04257798194885254,safe,Theano_SC
SWIM_v3,26,0.011143922805786133,safe,z3
SWIM_v3,26,0.005383968353271484,safe,cvc5
SWIM_v3,27,0.04323697090148926,safe,Theano_DC
SWIM_v3,27,0.04453897476196289,safe,Theano_SC
SWIM_v3,27,0.011520862579345703,safe,z3
SWIM_v3,27,0.005228996276855469,safe,cvc5
SWIM_v3,28,0.04323101043701172,safe,Theano_DC
SWIM_v3,28,0.04417705535888672,safe,Theano_SC
SWIM_v3,28,0.011144161224365234,safe,z3
SWIM_v3,28,0.0054531097412109375,safe,cvc5
SWIM_v3,29,0.07253909111022949,safe,Theano_DC
SWIM_v3,29,0.04320502281188965,safe,Theano_SC
SWIM_v3,29,0.01141500473022461,safe,z3
SWIM_v3,29,0.0061991214752197266,safe,cvc5
SWIM_v3,30,0.04361104965209961,safe,Theano_DC
SWIM_v3,30,0.04274296760559082,safe,Theano_SC
SWIM_v3,30,0.011121988296508789,safe,z3
SWIM_v3,30,0.005321979522705078,safe,cvc5
SWIM_v3,31,0.04363083839416504,safe,Theano_DC
SWIM_v3,31,0.044836997985839844,safe,Theano_SC
SWIM_v3,31,0.011313915252685547,safe,z3
SWIM_v3,31,0.005136013031005859,safe,cvc5
SWIM_v3,32,0.043663978576660156,safe,Theano_DC
SWIM_v3,32,0.043064117431640625,safe,Theano_SC
SWIM_v3,32,0.011070966720581055,safe,z3
SWIM_v3,32,0.005491018295288086,safe,cvc5
SWIM_v3,33,0.04358196258544922,safe,Theano_DC
SWIM_v3,33,0.043621063232421875,safe,Theano_SC
SWIM_v3,33,0.011458873748779297,safe,z3
SWIM_v3,33,0.005421876907348633,safe,cvc5
SWIM_v3,34,0.0460360050201416,safe,Theano_DC
SWIM_v3,34,0.0436708927154541,safe,Theano_SC
SWIM_v3,34,0.011433124542236328,safe,z3
SWIM_v3,34,0.005588054656982422,safe,cvc5
SWIM_v3,35,0.04418587684631348,safe,Theano_DC
SWIM_v3,35,0.042491912841796875,safe,Theano_SC
SWIM_v3,35,0.01118016242980957,safe,z3
SWIM_v3,35,0.005390167236328125,safe,cvc5
SWIM_v3,36,0.045024871826171875,safe,Theano_DC
SWIM_v3,36,0.04251980781555176,safe,Theano_SC
SWIM_v3,36,0.011178970336914062,safe,z3
SWIM_v3,36,0.005478858947753906,safe,cvc5
SWIM_v3,37,0.04362201690673828,safe,Theano_DC
SWIM_v3,37,0.04245710372924805,safe,Theano_SC
SWIM_v3,37,0.011183977127075195,safe,z3
SWIM_v3,37,0.005116939544677734,safe,cvc5
SWIM_v3,38,0.04358410835266113,safe,Theano_DC
SWIM_v3,38,0.042543888092041016,safe,Theano_SC
SWIM_v3,38,0.011137962341308594,safe,z3
SWIM_v3,38,0.005160093307495117,safe,cvc5
SWIM_v3,39,0.04314088821411133,safe,Theano_DC
SWIM_v3,39,0.04222297668457031,safe,Theano_SC
SWIM_v3,39,0.011538982391357422,safe,z3
SWIM_v3,39,0.005487918853759766,safe,cvc5
SWIM_v3,40,0.04352092742919922,safe,Theano_DC
SWIM_v3,40,0.043190956115722656,safe,Theano_SC
SWIM_v3,40,0.011215925216674805,safe,z3
SWIM_v3,40,0.005343198776245117,safe,cvc5
SWIM_v3,41,0.04444694519042969,safe,Theano_DC
SWIM_v3,41,0.0433499813079834,safe,Theano_SC
SWIM_v3,41,0.011494874954223633,safe,z3
SWIM_v3,41,0.006691932678222656,safe,cvc5
SWIM_v3,42,0.04458904266357422,safe,Theano_DC
SWIM_v3,42,0.04327511787414551,safe,Theano_SC
SWIM_v3,42,0.01105809211730957,safe,z3
SWIM_v3,42,0.0054738521575927734,safe,cvc5
SWIM_v3,43,0.04342508316040039,safe,Theano_DC
SWIM_v3,43,0.04238605499267578,safe,Theano_SC
SWIM_v3,43,0.01124882698059082,safe,z3
SWIM_v3,43,0.00528407096862793,safe,cvc5
SWIM_v3,44,0.0431058406829834,safe,Theano_DC
SWIM_v3,44,0.04279494285583496,safe,Theano_SC
SWIM_v3,44,0.011039972305297852,safe,z3
SWIM_v3,44,0.005254030227661133,safe,cvc5
SWIM_v3,45,0.04377484321594238,safe,Theano_DC
SWIM_v3,45,0.04189109802246094,safe,Theano_SC
SWIM_v3,45,0.011179924011230469,safe,z3
SWIM_v3,45,0.005368947982788086,safe,cvc5
SWIM_v3,46,0.04574108123779297,safe,Theano_DC
SWIM_v3,46,0.04314994812011719,safe,Theano_SC
SWIM_v3,46,0.01135396957397461,safe,z3
SWIM_v3,46,0.005320072174072266,safe,cvc5
SWIM_v3,47,0.04550504684448242,safe,Theano_DC
SWIM_v3,47,0.04275798797607422,safe,Theano_SC
SWIM_v3,47,0.011005163192749023,safe,z3
SWIM_v3,47,0.005725860595703125,safe,cvc5
SWIM_v3,48,0.04371380805969238,safe,Theano_DC
SWIM_v3,48,0.043276071548461914,safe,Theano_SC
SWIM_v3,48,0.011366844177246094,safe,z3
SWIM_v3,48,0.005312919616699219,safe,cvc5
SWIM_v3,49,0.04306197166442871,safe,Theano_DC
SWIM_v3,49,0.043055057525634766,safe,Theano_SC
SWIM_v3,49,0.01129603385925293,safe,z3
SWIM_v3,49,0.005242109298706055,safe,cvc5
SWIM_v3,50,0.04331207275390625,safe,Theano_DC
SWIM_v3,50,0.0427398681640625,safe,Theano_SC
SWIM_v3,50,0.011478185653686523,safe,z3
SWIM_v3,50,0.0055811405181884766,safe,cvc5
EUL_v3,1,0.057357072830200195,safe,Theano_DC
EUL_v3,1,0.05536603927612305,safe,Theano_SC
EUL_v3,1,0.010760068893432617,safe,z3
EUL_v3,1,0.006025075912475586,safe,cvc5
EUL_v3,2,0.05502200126647949,safe,Theano_DC
EUL_v3,2,0.08688497543334961,safe,Theano_SC
EUL_v3,2,0.010833978652954102,safe,z3
EUL_v3,2,0.005983829498291016,safe,cvc5
EUL_v3,3,0.05550503730773926,safe,Theano_DC
EUL_v3,3,0.05402398109436035,safe,Theano_SC
EUL_v3,3,0.011363983154296875,safe,z3
EUL_v3,3,0.006173133850097656,safe,cvc5
EUL_v3,4,0.057543039321899414,safe,Theano_DC
EUL_v3,4,0.058502912521362305,safe,Theano_SC
EUL_v3,4,0.010837078094482422,safe,z3
EUL_v3,4,0.005712985992431641,safe,cvc5
EUL_v3,5,0.05570101737976074,safe,Theano_DC
EUL_v3,5,0.0548250675201416,safe,Theano_SC
EUL_v3,5,0.010298967361450195,safe,z3
EUL_v3,5,0.00577998161315918,safe,cvc5
EUL_v3,6,0.0557401180267334,safe,Theano_DC
EUL_v3,6,0.05835700035095215,safe,Theano_SC
EUL_v3,6,0.011630058288574219,safe,z3
EUL_v3,6,0.005689859390258789,safe,cvc5
EUL_v3,7,0.05633902549743652,safe,Theano_DC
EUL_v3,7,0.054815053939819336,safe,Theano_SC
EUL_v3,7,0.011134862899780273,safe,z3
EUL_v3,7,0.005822896957397461,safe,cvc5
EUL_v3,8,0.05539202690124512,safe,Theano_DC
EUL_v3,8,0.05496096611022949,safe,Theano_SC
EUL_v3,8,0.011188030242919922,safe,z3
EUL_v3,8,0.005568981170654297,safe,cvc5
EUL_v3,9,0.055528879165649414,safe,Theano_DC
EUL_v3,9,0.054672956466674805,safe,Theano_SC
EUL_v3,9,0.010918140411376953,safe,z3
EUL_v3,9,0.005836009979248047,safe,cvc5
EUL_v3,10,0.055313825607299805,safe,Theano_DC
EUL_v3,10,0.05483508110046387,safe,Theano_SC
EUL_v3,10,0.010981082916259766,safe,z3
EUL_v3,10,0.005706071853637695,safe,cvc5
EUL_v3,11,0.0553441047668457,safe,Theano_DC
EUL_v3,11,0.0559539794921875,safe,Theano_SC
EUL_v3,11,0.010957956314086914,safe,z3
EUL_v3,11,0.005640983581542969,safe,cvc5
EUL_v3,12,0.055670976638793945,safe,Theano_DC
EUL_v3,12,0.05489087104797363,safe,Theano_SC
EUL_v3,12,0.010754108428955078,safe,z3
EUL_v3,12,0.0058710575103759766,safe,cvc5
EUL_v3,13,0.05538320541381836,safe,Theano_DC
EUL_v3,13,0.055272817611694336,safe,Theano_SC
EUL_v3,13,0.011062145233154297,safe,z3
EUL_v3,13,0.0056951045989990234,safe,cvc5
EUL_v3,14,0.056437015533447266,safe,Theano_DC
EUL_v3,14,0.054663896560668945,safe,Theano_SC
EUL_v3,14,0.01143503189086914,safe,z3
EUL_v3,14,0.005663871765136719,safe,cvc5
EUL_v3,15,0.05532407760620117,safe,Theano_DC
EUL_v3,15,0.055461883544921875,safe,Theano_SC
EUL_v3,15,0.011272907257080078,safe,z3
EUL_v3,15,0.005796909332275391,safe,cvc5
EUL_v3,16,0.0557560920715332,safe,Theano_DC
EUL_v3,16,0.05504608154296875,safe,Theano_SC
EUL_v3,16,0.010900020599365234,safe,z3
EUL_v3,16,0.005558013916015625,safe,cvc5
EUL_v3,17,0.05613398551940918,safe,Theano_DC
EUL_v3,17,0.05790305137634277,safe,Theano_SC
EUL_v3,17,0.010679960250854492,safe,z3
EUL_v3,17,0.00571894645690918,safe,cvc5
EUL_v3,18,0.05572390556335449,safe,Theano_DC
EUL_v3,18,0.055626869201660156,safe,Theano_SC
EUL_v3,18,0.014286041259765625,safe,z3
EUL_v3,18,0.006227970123291016,safe,cvc5
EUL_v3,19,0.056344032287597656,safe,Theano_DC
EUL_v3,19,0.05513811111450195,safe,Theano_SC
EUL_v3,19,0.011157989501953125,safe,z3
EUL_v3,19,0.005593061447143555,safe,cvc5
EUL_v3,20,0.09419393539428711,safe,Theano_DC
EUL_v3,20,0.05847907066345215,safe,Theano_SC
EUL_v3,20,0.011570930480957031,safe,z3
EUL_v3,20,0.0066111087799072266,safe,cvc5
EUL_v3,21,0.060513973236083984,safe,Theano_DC
EUL_v3,21,0.05937910079956055,safe,Theano_SC
EUL_v3,21,0.011153221130371094,safe,z3
EUL_v3,21,0.005729198455810547,safe,cvc5
EUL_v3,22,0.05733680725097656,safe,Theano_DC
EUL_v3,22,0.05528616905212402,safe,Theano_SC
EUL_v3,22,0.010999917984008789,safe,z3
EUL_v3,22,0.007061004638671875,safe,cvc5
EUL_v3,23,0.057247161865234375,safe,Theano_DC
EUL_v3,23,0.058439016342163086,safe,Theano_SC
EUL_v3,23,0.012249946594238281,safe,z3
EUL_v3,23,0.006042957305908203,safe,cvc5
EUL_v3,24,0.05864906311035156,safe,Theano_DC
EUL_v3,24,0.05903196334838867,safe,Theano_SC
EUL_v3,24,0.011080026626586914,safe,z3
EUL_v3,24,0.005799055099487305,safe,cvc5
EUL_v3,25,0.05610489845275879,safe,Theano_DC
EUL_v3,25,0.056027889251708984,safe,Theano_SC
EUL_v3,25,0.011057853698730469,safe,z3
EUL_v3,25,0.005774021148681641,safe,cvc5
EUL_v3,26,0.0558469295501709,safe,Theano_DC
EUL_v3,26,0.0555729866027832,safe,Theano_SC
EUL_v3,26,0.010748863220214844,safe,z3
EUL_v3,26,0.005674839019775391,safe,cvc5
EUL_v3,27,0.05541181564331055,safe,Theano_DC
EUL_v3,27,0.05484819412231445,safe,Theano_SC
EUL_v3,27,0.011221170425415039,safe,z3
EUL_v3,27,0.005769968032836914,safe,cvc5
EUL_v3,28,0.056005001068115234,safe,Theano_DC
EUL_v3,28,0.05475902557373047,safe,Theano_SC
EUL_v3,28,0.010725975036621094,safe,z3
EUL_v3,28,0.005546092987060547,safe,cvc5
EUL_v3,29,0.05749082565307617,safe,Theano_DC
EUL_v3,29,0.05573010444641113,safe,Theano_SC
EUL_v3,29,0.01129007339477539,safe,z3
EUL_v3,29,0.005817890167236328,safe,cvc5
EUL_v3,30,0.05573105812072754,safe,Theano_DC
EUL_v3,30,0.055403947830200195,safe,Theano_SC
EUL_v3,30,0.010981082916259766,safe,z3
EUL_v3,30,0.0056400299072265625,safe,cvc5
EUL_v3,31,0.061421871185302734,safe,Theano_DC
EUL_v3,31,0.06389999389648438,safe,Theano_SC
EUL_v3,31,0.0109710693359375,safe,z3
EUL_v3,31,0.005636930465698242,safe,cvc5
EUL_v3,32,0.05600905418395996,safe,Theano_DC
EUL_v3,32,0.05568289756774902,safe,Theano_SC
EUL_v3,32,0.010952949523925781,safe,z3
EUL_v3,32,0.005745887756347656,safe,cvc5
EUL_v3,33,0.055925846099853516,safe,Theano_DC
EUL_v3,33,0.054728031158447266,safe,Theano_SC
EUL_v3,33,0.011329889297485352,safe,z3
EUL_v3,33,0.005761861801147461,safe,cvc5
EUL_v3,34,0.05512595176696777,safe,Theano_DC
EUL_v3,34,0.05495905876159668,safe,Theano_SC
EUL_v3,34,0.01069498062133789,safe,z3
EUL_v3,34,0.005650997161865234,safe,cvc5
EUL_v3,35,0.05539083480834961,safe,Theano_DC
EUL_v3,35,0.055017948150634766,safe,Theano_SC
EUL_v3,35,0.011034011840820312,safe,z3
EUL_v3,35,0.0056629180908203125,safe,cvc5
EUL_v3,36,0.0550990104675293,safe,Theano_DC
EUL_v3,36,0.05441617965698242,safe,Theano_SC
EUL_v3,36,0.010402917861938477,safe,z3
EUL_v3,36,0.0058329105377197266,safe,cvc5
EUL_v3,37,0.0549931526184082,safe,Theano_DC
EUL_v3,37,0.05403590202331543,safe,Theano_SC
EUL_v3,37,0.010721921920776367,safe,z3
EUL_v3,37,0.005655050277709961,safe,cvc5
EUL_v3,38,0.055069923400878906,safe,Theano_DC
EUL_v3,38,0.055017948150634766,safe,Theano_SC
EUL_v3,38,0.010847091674804688,safe,z3
EUL_v3,38,0.0058901309967041016,safe,cvc5
EUL_v3,39,0.05583691596984863,safe,Theano_DC
EUL_v3,39,0.0554351806640625,safe,Theano_SC
EUL_v3,39,0.01570892333984375,safe,z3
EUL_v3,39,0.0073130130767822266,safe,cvc5
EUL_v3,40,0.05661892890930176,safe,Theano_DC
EUL_v3,40,0.05912494659423828,safe,Theano_SC
EUL_v3,40,0.011567115783691406,safe,z3
EUL_v3,40,0.005888938903808594,safe,cvc5
EUL_v3,41,0.056752920150756836,safe,Theano_DC
EUL_v3,41,0.054898977279663086,safe,Theano_SC
EUL_v3,41,0.01092219352722168,safe,z3
EUL_v3,41,0.005711078643798828,safe,cvc5
EUL_v3,42,0.05543708801269531,safe,Theano_DC
EUL_v3,42,0.055027008056640625,safe,Theano_SC
EUL_v3,42,0.011101961135864258,safe,z3
EUL_v3,42,0.005856990814208984,safe,cvc5
EUL_v3,43,0.05607795715332031,safe,Theano_DC
EUL_v3,43,0.05523490905761719,safe,Theano_SC
EUL_v3,43,0.010707855224609375,safe,z3
EUL_v3,43,0.005702018737792969,safe,cvc5
EUL_v3,44,0.0746622085571289,safe,Theano_DC
EUL_v3,44,0.05824398994445801,safe,Theano_SC
EUL_v3,44,0.010993003845214844,safe,z3
EUL_v3,44,0.005730152130126953,safe,cvc5
EUL_v3,45,0.05720090866088867,safe,Theano_DC
EUL_v3,45,0.055789947509765625,safe,Theano_SC
EUL_v3,45,0.011255979537963867,safe,z3
EUL_v3,45,0.005781888961791992,safe,cvc5
EUL_v3,46,0.05963611602783203,safe,Theano_DC
EUL_v3,46,0.05854988098144531,safe,Theano_SC
EUL_v3,46,0.011337995529174805,safe,z3
EUL_v3,46,0.0057752132415771484,safe,cvc5
EUL_v3,47,0.05653691291809082,safe,Theano_DC
EUL_v3,47,0.055928945541381836,safe,Theano_SC
EUL_v3,47,0.011265039443969727,safe,z3
EUL_v3,47,0.006370067596435547,safe,cvc5
EUL_v3,48,0.055625200271606445,safe,Theano_DC
EUL_v3,48,0.05507183074951172,safe,Theano_SC
EUL_v3,48,0.0107269287109375,safe,z3
EUL_v3,48,0.005712032318115234,safe,cvc5
EUL_v3,49,0.05517697334289551,safe,Theano_DC
EUL_v3,49,0.054641008377075195,safe,Theano_SC
EUL_v3,49,0.010893106460571289,safe,z3
EUL_v3,49,0.005737781524658203,safe,cvc5
EUL_v3,50,0.057093143463134766,safe,Theano_DC
EUL_v3,50,0.05441713333129883,safe,Theano_SC
EUL_v3,50,0.01092386245727539,safe,z3
EUL_v3,50,0.00569605827331543,safe,cvc5
